ranch,plot,tag_number,row,column,shoots_1998,height_1998,infl_1998,notes_1998,shoots_1999,height_1999,infl_1999,notes_1999,shoots_2000,height_2000,infl_2000,notes_2000,shoots_2001,height_2001,infl_2001,notes_2001,shoots_2002,height_2002,infl_2002,notes_2002,shoots_2003,height_2003,infl_2003,notes_2003
Dimona,2107,154,E,7,2,39,0,NA,3,29,0,NA,2,28,0,NA,2,27,0,NA,4,35,0,NA,3,28,0,NA
Dimona,2107,72,D,3,3,34,0,NA,2,26,0,NA,1,19,0,NA,2,20,0,NA,2,22,0,NA,1,15,0,NA
Dimona,2107,217,A,9,NA,NA,NA,NA,2,14,0,3,2,24,0,NA,1,26,0,NA,2,24,0,NA,2,20,0,NA
Dimona,2107,29,A,9,2,25,0,NA,2,41,0,NA,3,38,0,NA,3,30,0,NA,2,35,0,NA,2,38,0,NA
Dimona,2107,105,B,9,1,19,0,NA,2,22,0,NA,NA,NA,NA,60,NA,NA,NA,60,3,31,0,NA,NA,NA,NA,60
Dimona,2107,17,A,9,2,36,0,NA,NA,NA,NA,60,NA,NA,NA,60,NA,NA,NA,60,NA,NA,NA,60,NA,NA,NA,60
Dimona,2107,129,C,9,1,40,0,NA,2,30,0,NA,NA,NA,NA,60,NA,NA,NA,60,NA,NA,NA,2,NA,NA,NA,NA
Dimona,2107,11,A,10,3,26,0,NA,3,24,0,NA,4,24,0,NA,3,25,0,NA,3,31,0,NA,3,22,0,NA
Dimona,2107,187,B,3,NA,NA,NA,NA,2,22,0,3,2,26,0,NA,1,25,0,NA,NA,NA,NA,60,NA,NA,NA,60
Dimona,2107,97,B,9,NA,NA,NA,NA,1,21,0,3,2,18,0,NA,2,18,0,NA,2,20,0,90,NA,NA,NA,60
Dimona,2107,208,B,10,NA,NA,NA,NA,1,14,0,3,1,8,0,NA,1,7,0,NA,NA,NA,NA,2,NA,NA,NA,NA
Dimona,2107,47,C,6,3,30,0,NA,4,31,0,NA,5,27,0,NA,3,33,0,NA,3,31,0,NA,3,31,0,NA
Dimona,2107,181,B,2,NA,NA,NA,NA,1,24,0,3,1,24,0,NA,2,20,0,NA,1,19,0,NA,1,12,0,NA
Dimona,2107,183,E,1,NA,NA,NA,NA,1,14,0,3,2,13,0,NA,NA,NA,NA,2,NA,NA,NA,NA,NA,NA,NA,NA
Dimona,2107,173,C,5,NA,NA,NA,NA,2,26,0,NA,3,21,0,NA,1,19,0,NA,2,23,0,NA,3,18,0,NA
Dimona,2107,285,B,5,NA,NA,NA,NA,NA,NA,NA,NA,NA,NA,NA,NA,NA,NA,NA,NA,NA,NA,NA,NA,NA,NA,NA,NA
Dimona,2107,237,D,6,NA,NA,NA,NA,NA,NA,NA,NA,NA,NA,NA,NA,NA,NA,NA,NA,NA,NA,NA,NA,NA,NA,NA,NA
Dimona,2107,277,C,7,NA,NA,NA,NA,NA,NA,NA,NA,NA,NA,NA,NA,NA,NA,NA,NA,1,10,0,1,1,13,0,NA
Dimona,2107,41,E,4,2,41,0,NA,2,43,0,NA,3,35,0,NA,3,34,0,NA,6,37,0,90,2,34,0,NA
Dimona,2107,224,E,8,NA,NA,NA,NA,1,14,0,3,2,17,0,NA,1,25,0,NA,2,27,0,NA,2,41,0,NA
Dimona,2107,258,C,10,NA,NA,NA,NA,NA,NA,NA,NA,NA,NA,NA,NA,NA,NA,NA,NA,NA,NA,NA,NA,3,3,0,1
Dimona,2107,77,B,3,1,23,0,NA,1,20,0,NA,NA,NA,NA,60,3,18,0,NA,2,20,0,NA,2,21,0,NA
Dimona,2107,164,D,5,NA,NA,NA,NA,2,18,0,3,NA,NA,NA,60,NA,NA,NA,60,NA,NA,NA,60,NA,NA,NA,60
Dimona,2107,3,B,3,3,31,0,NA,2,31,0,NA,2,34,0,NA,3,40,0,NA,1,22,0,NA,1,22,0,NA
Dimona,2107,6,A,5,3,18,0,NA,1,19,0,NA,2,16,0,NA,2,17,0,NA,NA,NA,NA,2,NA,NA,NA,NA
Dimona,2107,263,A,3,NA,NA,NA,NA,NA,NA,NA,NA,NA,NA,NA,NA,NA,NA,NA,NA,1,17,0,1,2,14,0,NA
Dimona,2107,140,C,6,2,20,0,NA,2,25,0,NA,2,36,0,NA,2,33,0,NA,2,29,0,NA,1,28,0,NA
Dimona,2107,210,B,10,NA,NA,NA,NA,2,16,0,3,2,21,0,NA,2,19,0,NA,2,23,0,NA,3,26,0,NA
Dimona,2107,240,B,7,NA,NA,NA,NA,NA,NA,NA,NA,2,21,0,3,1,21,0,NA,2,23,0,NA,2,20,0,NA
Dimona,2107,298,D,3,NA,NA,NA,NA,NA,NA,NA,NA,NA,NA,NA,NA,NA,NA,NA,NA,NA,NA,NA,NA,2,9,0,1
Dimona,2107,259,C,10,NA,NA,NA,NA,NA,NA,NA,NA,NA,NA,NA,NA,NA,NA,NA,NA,NA,NA,NA,NA,1,5,0,1
Dimona,2107,338,E,4,NA,NA,NA,NA,NA,NA,NA,NA,NA,NA,NA,NA,NA,NA,NA,NA,NA,NA,NA,NA,NA,NA,NA,NA
Dimona,2107,83,B,4,3,27,0,NA,2,32,0,NA,3,35,0,NA,3,38,0,NA,2,46,0,90,2,40,0,NA
Dimona,2108,93,B,8,NA,NA,NA,NA,1,8,0,1,1,6,0,NA,NA,NA,NA,2,NA,NA,NA,NA,NA,NA,NA,NA
Dimona,2108,66,D,10,NA,NA,NA,NA,1,13,0,1,NA,NA,NA,2,NA,NA,NA,NA,NA,NA,NA,NA,NA,NA,NA,NA
Dimona,2108,345,D,1,NA,NA,NA,NA,NA,NA,NA,NA,NA,NA,NA,NA,NA,NA,NA,NA,NA,NA,NA,NA,NA,NA,NA,NA
Dimona,2108,266,D,3,NA,NA,NA,NA,NA,NA,NA,NA,NA,NA,NA,NA,NA,NA,NA,NA,NA,NA,NA,NA,NA,NA,NA,NA
Dimona,2108,80,A,2,1,12,0,NA,2,13,0,NA,1,14,0,NA,1,14,0,NA,NA,NA,NA,60,NA,NA,NA,60
Dimona,2108,36,E,8,NA,NA,NA,NA,3,48,0,3,2,40,0,NA,2,72,0,NA,5,74,0,NA,4,74,1,NA
Dimona,2108,332,B,3,NA,NA,NA,NA,NA,NA,NA,NA,NA,NA,NA,NA,NA,NA,NA,NA,NA,NA,NA,NA,NA,NA,NA,NA
Dimona,2108,97,C,8,2,56,0,NA,NA,NA,NA,60,1,16,0,NA,1,17,0,NA,2,27,0,NA,2,18,0,NA
Dimona,2108,92,C,6,3,23,0,NA,2,44,0,NA,3,30,0,NA,3,39,1,NA,3,70,0,NA,3,75,0,NA
Dimona,2108,63,D,1,3,20,0,NA,4,23,0,NA,4,25,0,NA,4,25,0,NA,10,26,0,NA,3,24,0,NA
Dimona,2108,181,B,2,1,9,0,NA,1,20,0,NA,NA,NA,NA,2,NA,NA,NA,NA,NA,NA,NA,NA,NA,NA,NA,NA
Dimona,2108,331,D,1,1,45,0,NA,2,50,0,NA,NA,NA,NA,60,NA,NA,NA,60,1,24,0,NA,1,21,0,NA
Dimona,2108,24,B,8,4,39,0,NA,5,50,0,NA,4,56,0,NA,4,56,0,NA,NA,NA,NA,2,NA,NA,NA,NA
Dimona,2108,241,C,8,NA,NA,NA,NA,NA,NA,NA,NA,NA,NA,NA,NA,1,22,0,3,2,28,0,NA,NA,NA,NA,60
Dimona,2108,247,B,8,NA,NA,NA,NA,NA,NA,NA,NA,NA,NA,NA,NA,NA,NA,NA,NA,NA,NA,NA,NA,NA,NA,NA,NA
Dimona,2108,280,D,7,NA,NA,NA,NA,NA,NA,NA,NA,NA,NA,NA,NA,NA,NA,NA,NA,NA,NA,NA,NA,NA,NA,NA,NA
Dimona,2108,256,E,10,NA,NA,NA,NA,NA,NA,NA,NA,NA,NA,NA,NA,NA,NA,NA,NA,NA,NA,NA,NA,NA,NA,NA,NA
Dimona,2108,346,B,4,NA,NA,NA,NA,NA,NA,NA,NA,NA,NA,NA,NA,NA,NA,NA,NA,NA,NA,NA,NA,NA,NA,NA,NA
Dimona,2108,26,A,6,NA,NA,NA,NA,3,34,0,40,3,32,0,NA,3,30,0,NA,2,30,0,NA,2,30,0,NA
Dimona,2108,360,D,8,NA,NA,NA,NA,NA,NA,NA,NA,NA,NA,NA,NA,NA,NA,NA,NA,NA,NA,NA,NA,NA,NA,NA,NA
Dimona,2108,15,C,7,5,47,0,NA,4,54,0,NA,4,58,0,NA,4,67,0,NA,2,76,0,NA,NA,NA,NA,60
Dimona,2108,67,C,10,NA,NA,NA,NA,1,22,0,3,1,22,0,NA,2,25,0,NA,2,39,0,NA,NA,NA,NA,60
Dimona,2108,263,E,7,NA,NA,NA,NA,NA,NA,NA,NA,NA,NA,NA,NA,NA,NA,NA,NA,NA,NA,NA,NA,NA,NA,NA,NA
Dimona,2108,296,D,6,NA,NA,NA,NA,NA,NA,NA,NA,1,7,0,1,1,7,0,NA,1,16,0,NA,1,12,0,NA
Dimona,2108,397,D,7,NA,NA,NA,NA,NA,NA,NA,NA,NA,NA,NA,NA,NA,NA,NA,NA,NA,NA,NA,NA,NA,NA,NA,NA
Dimona,2108,38,B,4,NA,NA,NA,NA,1,22,0,40,2,29,0,NA,3,27,0,NA,3,40,0,NA,3,30,0,NA
Dimona,2108,37,B,6,NA,NA,NA,NA,1,16,0,3,1,15,0,NA,1,20,0,NA,1,19,0,NA,NA,NA,NA,2
Dimona,2108,316,D,4,NA,NA,NA,NA,NA,NA,NA,NA,NA,NA,NA,NA,NA,NA,NA,NA,NA,NA,NA,NA,NA,NA,NA,NA
Dimona,2108,235,A,9,NA,NA,NA,NA,NA,NA,NA,NA,NA,NA,NA,NA,NA,NA,NA,NA,2,24,0,3,3,25,0,NA
Dimona,2108,90,D,3,NA,NA,NA,NA,1,14,0,3,1,15,0,NA,1,9,0,NA,1,13,0,NA,2,15,0,NA
Dimona,2108,250,C,8,NA,NA,NA,NA,NA,NA,NA,NA,NA,NA,NA,NA,NA,NA,NA,NA,NA,NA,NA,NA,NA,NA,NA,NA
Dimona,2206,29,E,7,NA,NA,NA,NA,4,31,0,3,3,34,0,NA,4,37,0,NA,4,41,0,NA,2,42,0,NA
Dimona,2206,244,C,8,NA,NA,NA,NA,NA,NA,NA,NA,NA,NA,NA,NA,NA,NA,NA,NA,NA,NA,NA,NA,NA,NA,NA,NA
Dimona,2206,41,E,3,NA,NA,NA,NA,NA,NA,NA,NA,NA,NA,NA,NA,NA,NA,NA,NA,1,5,0,1,NA,NA,NA,2
Dimona,2206,279,A,9,NA,NA,NA,NA,NA,NA,NA,NA,NA,NA,NA,NA,NA,NA,NA,NA,NA,NA,NA,NA,NA,NA,NA,NA
Dimona,2206,33,C,4,1,26,0,NA,NA,NA,NA,2,NA,NA,NA,NA,NA,NA,NA,NA,NA,NA,NA,NA,NA,NA,NA,NA
Dimona,2206,238,C,10,NA,NA,NA,NA,NA,NA,NA,NA,NA,NA,NA,NA,NA,NA,NA,NA,NA,NA,NA,NA,NA,NA,NA,NA
Dimona,2206,242,E,9,NA,NA,NA,NA,NA,NA,NA,NA,NA,NA,NA,NA,NA,NA,NA,NA,NA,NA,NA,NA,2,28,0,50
Dimona,2206,151,E,10,3,20,0,NA,3,22,0,NA,4,34,0,NA,4,46,0,NA,1,120,0,80,1,46,0,NA
Dimona,2206,286,C,5,NA,NA,NA,NA,NA,NA,NA,NA,NA,NA,NA,NA,NA,NA,NA,NA,NA,NA,NA,NA,NA,NA,NA,NA
Dimona,2206,173,B,6,NA,NA,NA,NA,NA,NA,NA,NA,NA,NA,NA,NA,NA,NA,NA,NA,NA,NA,NA,NA,NA,NA,NA,NA
Dimona,2206,98,B,5,2,35,0,NA,3,35,0,NA,NA,NA,NA,60,1,10,0,NA,2,19,0,NA,1,14,0,NA
Dimona,2206,188,D,10,NA,NA,NA,NA,1,37,0,3,2,17,0,NA,1,20,0,NA,2,31,0,NA,2,32,0,NA
Dimona,2206,324,D,10,NA,NA,NA,NA,NA,NA,NA,NA,NA,NA,NA,NA,NA,NA,NA,NA,NA,NA,NA,NA,NA,NA,NA,NA
Dimona,2206,162,A,8,3,37,0,NA,3,48,0,NA,3,46,0,NA,4,51,0,NA,4,54,0,NA,NA,NA,NA,60
Dimona,2206,291,B,9,NA,NA,NA,NA,NA,NA,NA,NA,NA,NA,NA,NA,NA,NA,NA,NA,NA,NA,NA,NA,NA,NA,NA,NA
Dimona,2206,18,E,3,NA,NA,NA,NA,NA,NA,NA,NA,NA,NA,NA,NA,NA,NA,NA,NA,1,16,0,1,2,25,0,NA
Dimona,2206,5,B,2,6,62,0,NA,6,66,0,NA,6,70,0,NA,5,79,2,NA,6,94,0,NA,5,73,0,NA
Dimona,2206,275,B,9,NA,NA,NA,NA,NA,NA,NA,NA,NA,NA,NA,NA,NA,NA,NA,NA,NA,NA,NA,NA,NA,NA,NA,NA
Dimona,2206,214,C,1,NA,NA,NA,NA,NA,NA,NA,NA,1,10,0,1,1,11,0,NA,1,12,0,NA,1,14,0,NA
Dimona,2206,174,D,2,NA,NA,NA,NA,NA,NA,NA,NA,1,5,0,1,1,10,0,NA,1,11,0,NA,1,15,0,NA
Dimona,2206,191,D,8,1,25,0,NA,2,30,0,NA,2,33,0,NA,2,33,0,NA,2,39,0,NA,3,37,0,NA
Dimona,2206,11,B,3,2,15,0,NA,2,19,0,NA,1,22,0,NA,1,15,0,NA,2,19,0,NA,2,15,0,NA
Dimona,2206,255,B,4,NA,NA,NA,NA,NA,NA,NA,NA,NA,NA,NA,NA,NA,NA,NA,NA,NA,NA,NA,NA,NA,NA,NA,NA
Dimona,2206,241,D,10,NA,NA,NA,NA,NA,NA,NA,NA,NA,NA,NA,NA,NA,NA,NA,NA,NA,NA,NA,NA,NA,NA,NA,NA
Dimona,2206,37,E,10,4,46,0,NA,4,40,0,NA,NA,NA,NA,2,NA,NA,NA,NA,NA,NA,NA,NA,NA,NA,NA,NA
Dimona,2206,217,B,10,NA,NA,NA,NA,NA,NA,NA,NA,NA,NA,NA,NA,NA,NA,NA,NA,NA,NA,NA,NA,NA,NA,NA,NA
Dimona,2206,83,E,3,3,31,0,NA,4,32,0,NA,3,31,0,NA,3,44,0,NA,5,28,0,NA,4,30,0,NA
Dimona,2206,59,D,3,3,42,0,NA,4,10,0,NA,5,46,0,NA,8,30,0,NA,6,55,0,NA,8,50,0,NA
Dimona,2206,170,D,5,NA,NA,NA,NA,2,24,0,3,3,28,0,NA,4,25,0,NA,3,35,0,NA,1,50,0,NA
Dimona,Dimona CF,295,D,8,NA,NA,NA,NA,NA,NA,NA,NA,NA,NA,NA,NA,NA,NA,NA,NA,NA,NA,NA,NA,NA,NA,NA,NA
Dimona,Dimona CF,165,A,7,NA,NA,NA,NA,NA,NA,NA,NA,NA,NA,NA,NA,NA,NA,NA,NA,NA,NA,NA,NA,NA,NA,NA,NA
Dimona,Dimona CF,298,D,8,NA,NA,NA,NA,NA,NA,NA,NA,NA,NA,NA,NA,NA,NA,NA,NA,NA,NA,NA,NA,NA,NA,NA,NA
Dimona,Dimona CF,110,B,8,NA,NA,NA,NA,1,15,0,3,NA,NA,NA,60,2,14,0,NA,2,19,0,NA,3,20,0,NA
Dimona,Dimona CF,39,B,6,6,67,0,NA,2,65,0,NA,NA,NA,NA,60,3,66,0,NA,5,69,0,NA,4,76,0,NA
Dimona,Dimona CF,107,C,8,NA,NA,NA,NA,NA,NA,NA,NA,NA,NA,NA,NA,NA,NA,NA,NA,1,20,0,1,2,16,0,NA
Dimona,Dimona CF,135,C,8,NA,NA,NA,NA,NA,NA,NA,NA,NA,NA,NA,NA,NA,NA,NA,NA,1,13,0,1,1,16,0,NA
Dimona,Dimona CF,93,B,10,2,70,0,NA,4,67,0,NA,NA,NA,NA,60,3,51,0,NA,3,43,0,NA,3,40,0,NA
Dimona,Dimona CF,138,D,5,NA,NA,NA,NA,NA,NA,NA,NA,NA,NA,NA,NA,NA,NA,NA,NA,NA,NA,NA,NA,NA,NA,NA,NA
Dimona,Dimona CF,19,A,2,2,14,0,NA,2,14,0,NA,NA,NA,NA,60,1,14,0,NA,1,19,0,NA,3,13,0,NA
Dimona,Dimona CF,140,D,5,NA,NA,NA,NA,NA,NA,NA,NA,NA,NA,NA,NA,NA,NA,NA,NA,NA,NA,NA,NA,NA,NA,NA,NA
Dimona,Dimona CF,63,D,10,1,44,0,NA,2,18,0,NA,NA,NA,NA,60,1,26,0,NA,NA,NA,NA,60,1,15,0,NA
Dimona,Dimona CF,89,F,8,4,64,0,NA,3,49,1,NA,NA,NA,NA,60,3,69,0,NA,3,59,0,NA,2,32,0,NA
Dimona,Dimona CF,173,B,6,NA,NA,NA,NA,NA,NA,NA,NA,NA,NA,NA,NA,NA,NA,NA,NA,NA,NA,NA,NA,NA,NA,NA,NA
Dimona,Dimona CF,112,E,10,NA,NA,NA,NA,1,12,0,3,NA,NA,NA,60,2,17,0,NA,1,19,0,NA,2,18,0,NA
Dimona,Dimona CF,197,E,10,NA,NA,NA,NA,NA,NA,NA,NA,NA,NA,NA,NA,NA,NA,NA,NA,NA,NA,NA,NA,NA,NA,NA,NA
Dimona,Dimona CF,81,E,9,1,25,0,NA,2,30,0,NA,NA,NA,NA,60,2,42,0,NA,2,33,0,NA,1,31,0,NA
Dimona,Dimona CF,69,A,6,1,17,0,NA,3,17,0,NA,NA,NA,NA,60,2,15,0,NA,2,17,0,NA,3,17,0,NA
Dimona,Dimona CF,108,A,6,5,35,0,NA,4,36,0,NA,NA,NA,NA,60,3,60,0,NA,3,54,0,NA,3,60,0,NA
Dimona,Dimona CF,105,B,1,NA,NA,NA,NA,NA,NA,NA,NA,NA,NA,NA,NA,NA,NA,NA,NA,NA,NA,NA,NA,NA,NA,NA,NA
Esteio-Colosso,5750,2398,H,6,NA,NA,NA,NA,NA,NA,NA,NA,NA,NA,NA,NA,NA,NA,NA,NA,NA,NA,NA,NA,NA,NA,NA,NA
Esteio-Colosso,5750,358,G,8,3,41,0,NA,4,40,0,NA,4,36,0,NA,3,39,0,NA,4,40,0,NA,3,28,0,NA
Esteio-Colosso,5750,188,C,8,3,128,0,NA,NA,NA,NA,60,NA,NA,NA,60,NA,NA,NA,60,NA,NA,NA,60,NA,NA,NA,60
Esteio-Colosso,5750,302,D,7,2,48,0,NA,4,27,0,NA,3,49,0,NA,4,57,0,NA,4,55,0,NA,3,40,0,NA
Esteio-Colosso,5750,1355,C,7,NA,NA,NA,NA,NA,NA,NA,NA,NA,NA,NA,NA,NA,NA,NA,NA,NA,NA,NA,NA,NA,NA,NA,NA
Esteio-Colosso,5750,444,J,6,1,26,0,NA,1,33,0,NA,2,39,0,NA,3,35,0,NA,3,44,0,NA,4,38,0,NA
Esteio-Colosso,5750,873,J,10,NA,NA,NA,NA,NA,NA,NA,NA,NA,NA,NA,NA,NA,NA,NA,NA,NA,NA,NA,NA,NA,NA,NA,NA
Esteio-Colosso,5750,1410,G,10,NA,NA,NA,NA,NA,NA,NA,NA,NA,NA,NA,NA,NA,NA,NA,NA,NA,NA,NA,NA,NA,NA,NA,NA
Esteio-Colosso,5750,123,A,9,1,52,0,NA,1,36,0,NA,2,46,0,NA,1,59,0,NA,2,51,0,NA,2,29,0,NA
Esteio-Colosso,5750,428,J,8,2,48,0,NA,3,48,0,NA,2,56,0,NA,4,51,0,NA,6,61,0,NA,4,60,1,NA
Esteio-Colosso,5750,1370,G,8,NA,NA,NA,NA,NA,NA,NA,NA,NA,NA,NA,NA,NA,NA,NA,NA,NA,NA,NA,NA,NA,NA,NA,NA
Esteio-Colosso,5750,346,E,6,5,58,1,NA,2,49,0,NA,1,29,0,NA,2,46,0,NA,3,45,0,NA,3,35,0,NA
Esteio-Colosso,5750,671,I,9,NA,NA,NA,NA,NA,NA,NA,NA,NA,NA,NA,NA,NA,NA,NA,NA,1,12,0,1,1,10,0,NA
Esteio-Colosso,5750,595,B,6,NA,NA,NA,NA,NA,NA,NA,NA,1,9,0,1,1,11,0,NA,2,11,0,90,1,9,0,NA
Esteio-Colosso,5750,413,J,10,2,44,0,NA,2,38,0,NA,3,39,0,NA,4,41,0,NA,5,40,0,NA,3,40,0,NA
Esteio-Colosso,5750,469,B,7,NA,NA,NA,NA,1,6,0,1,1,6,0,NA,1,10,0,NA,1,12,0,NA,1,10,0,NA
Esteio-Colosso,5750,1401,H,10,NA,NA,NA,NA,NA,NA,NA,NA,NA,NA,NA,NA,NA,NA,NA,NA,NA,NA,NA,NA,NA,NA,NA,NA
Esteio-Colosso,5750,331,D,6,3,39,0,NA,3,46,0,NA,4,29,0,NA,4,43,0,NA,3,61,0,NA,4,51,0,NA
Esteio-Colosso,5750,1351,C,9,NA,NA,NA,NA,NA,NA,NA,NA,NA,NA,NA,NA,NA,NA,NA,NA,NA,NA,NA,NA,NA,NA,NA,NA
Esteio-Colosso,5750,393,I,6,2,26,0,NA,4,30,0,NA,5,29,0,NA,4,32,0,NA,5,31,0,NA,2,32,0,NA
Esteio-Colosso,5750,473,B,6,3,37,0,NA,3,34,0,NA,3,33,0,NA,2,25,0,NA,1,21,0,NA,1,12,0,NA
Esteio-Colosso,5750,153,A,10,1,17,0,NA,2,18,0,NA,2,17,0,NA,2,23,0,NA,3,25,0,NA,2,24,0,NA
Esteio-Colosso,5750,224,F,6,1,20,0,NA,1,21,0,NA,2,23,0,NA,3,18,0,NA,2,25,0,NA,2,21,0,NA
Esteio-Colosso,5750,1395,B,6,4,65,0,NA,5,89,0,NA,5,82,0,NA,6,63,0,NA,5,81,0,NA,4,70,0,NA
Esteio-Colosso,5750,578,J,8,NA,NA,NA,NA,NA,NA,NA,NA,1,25,0,3,1,17,0,NA,3,18,0,NA,4,20,0,NA
Esteio-Colosso,5750,453,A,6,NA,NA,NA,NA,1,2,0,1,1,8,0,NA,1,9,0,NA,1,10,0,NA,NA,NA,NA,2
Esteio-Colosso,5750,691,C,9,NA,NA,NA,NA,NA,NA,NA,NA,NA,NA,NA,NA,NA,NA,NA,NA,1,7,0,1,1,10,0,NA
Esteio-Colosso,5750,576,J,9,NA,NA,NA,NA,NA,NA,NA,NA,1,3,0,1,NA,NA,NA,2,NA,NA,NA,NA,NA,NA,NA,NA
Esteio-Colosso,5750,790,J,9,NA,NA,NA,NA,NA,NA,NA,NA,NA,NA,NA,NA,1,7,0,1,1,18,0,NA,2,28,0,NA
Esteio-Colosso,5750,118,A,7,3,45,0,NA,3,15,0,NA,3,40,0,NA,3,47,0,NA,4,47,0,NA,4,41,0,NA
Esteio-Colosso,5750,168,E,9,5,37,0,NA,5,44,0,NA,5,42,0,NA,6,48,0,NA,6,58,0,NA,6,73,0,NA
Esteio-Colosso,5750,2360,A,5,NA,NA,NA,NA,NA,NA,NA,NA,NA,NA,NA,NA,NA,NA,NA,NA,NA,NA,NA,NA,NA,NA,NA,NA
Esteio-Colosso,5750,871,J,9,NA,NA,NA,NA,NA,NA,NA,NA,NA,NA,NA,NA,NA,NA,NA,NA,NA,NA,NA,NA,NA,NA,NA,NA
Esteio-Colosso,5750,581,E,8,NA,NA,NA,NA,NA,NA,NA,NA,1,10,0,1,1,10,0,NA,1,9,0,NA,2,10,0,NA
Esteio-Colosso,5750,2329,J,7,NA,NA,NA,NA,NA,NA,NA,NA,NA,NA,NA,NA,NA,NA,NA,NA,NA,NA,NA,NA,NA,NA,NA,NA
Esteio-Colosso,5750,967,E,8,NA,NA,NA,NA,NA,NA,NA,NA,NA,NA,NA,NA,NA,NA,NA,NA,NA,NA,NA,NA,NA,NA,NA,NA
Esteio-Colosso,5750,2015,J,8,NA,NA,NA,NA,NA,NA,NA,NA,NA,NA,NA,NA,NA,NA,NA,NA,NA,NA,NA,NA,NA,NA,NA,NA
Esteio-Colosso,5750,1301,H,8,4,122,1,NA,3,108,0,NA,4,89,0,NA,3,83,0,NA,2,70,0,NA,2,55,0,NA
Esteio-Colosso,5750,1442,B,9,NA,NA,NA,NA,NA,NA,NA,NA,NA,NA,NA,NA,NA,NA,NA,NA,1,9,0,1,1,5,0,NA
Esteio-Colosso,5750,2100,I,6,NA,NA,NA,NA,NA,NA,NA,NA,NA,NA,NA,NA,NA,NA,NA,NA,NA,NA,NA,NA,NA,NA,NA,NA
Esteio-Colosso,5750,217,E,7,1,22,0,NA,2,22,0,NA,2,27,0,NA,2,25,0,NA,2,21,0,NA,1,14,0,NA
Esteio-Colosso,5750,928,G,10,NA,NA,NA,NA,NA,NA,NA,NA,NA,NA,NA,NA,NA,NA,NA,NA,NA,NA,NA,NA,NA,NA,NA,NA
Esteio-Colosso,5750,1387,I,6,NA,NA,NA,NA,NA,NA,NA,NA,NA,NA,NA,NA,NA,NA,NA,NA,NA,NA,NA,NA,NA,NA,NA,NA
Esteio-Colosso,5750,589,I,9,NA,NA,NA,NA,NA,NA,NA,NA,1,7,0,1,1,6,0,NA,1,7,0,NA,1,7,0,NA
Esteio-Colosso,5750,904,F,10,4,55,1,NA,4,52,1,NA,4,45,0,NA,6,57,0,NA,4,61,0,NA,5,60,1,NA
Esteio-Colosso,5750,338,B,8,3,48,1,NA,5,47,0,NA,3,54,0,NA,3,31,0,NA,4,69,0,NA,2,70,1,NA
Esteio-Colosso,5750,181,D,8,4,37,0,NA,4,34,0,NA,4,37,0,NA,4,46,0,NA,6,62,0,NA,3,47,1,NA
Esteio-Colosso,5750,352,H,8,1,13,0,NA,2,13,0,NA,1,12,0,NA,1,12,0,NA,1,13,0,NA,1,7,0,NA
Esteio-Colosso,5750,2032,A,8,NA,NA,NA,NA,NA,NA,NA,NA,NA,NA,NA,NA,NA,NA,NA,NA,NA,NA,NA,NA,NA,NA,NA,NA
Esteio-Colosso,5750,2350,J,6,NA,NA,NA,NA,NA,NA,NA,NA,NA,NA,NA,NA,NA,NA,NA,NA,NA,NA,NA,NA,NA,NA,NA,NA
Esteio-Colosso,5750,1312,F,7,NA,NA,NA,NA,NA,NA,NA,NA,NA,NA,NA,NA,NA,NA,NA,NA,NA,NA,NA,NA,NA,NA,NA,NA
Esteio-Colosso,5750,762,C,7,NA,NA,NA,NA,NA,NA,NA,NA,NA,NA,NA,NA,NA,NA,NA,NA,1,14,0,1,1,8,0,NA
Esteio-Colosso,5750,2013,J,8,NA,NA,NA,NA,NA,NA,NA,NA,NA,NA,NA,NA,NA,NA,NA,NA,NA,NA,NA,NA,NA,NA,NA,NA
Esteio-Colosso,5750,2022,J,8,NA,NA,NA,NA,NA,NA,NA,NA,NA,NA,NA,NA,NA,NA,NA,NA,NA,NA,NA,NA,NA,NA,NA,NA
Esteio-Colosso,5750,329,C,8,1,5,0,NA,1,10,0,NA,1,8,0,NA,2,14,0,NA,1,12,0,NA,1,16,0,NA
Esteio-Colosso,5750,667,C,9,NA,NA,NA,NA,NA,NA,NA,NA,NA,NA,NA,NA,NA,NA,NA,NA,1,10,0,1,NA,NA,NA,60
Esteio-Colosso,5750,193,C,8,2,12,0,NA,2,13,0,NA,NA,NA,NA,60,NA,NA,NA,60,NA,NA,NA,60,NA,NA,NA,60
Esteio-Colosso,5750,975,G,7,4,67,0,NA,4,68,0,NA,3,65,0,NA,3,17,0,NA,2,28,0,NA,1,19,0,NA
Esteio-Colosso,5750,2087,I,6,NA,NA,NA,NA,NA,NA,NA,NA,NA,NA,NA,NA,NA,NA,NA,NA,NA,NA,NA,NA,NA,NA,NA,NA
Esteio-Colosso,5750,439,J,7,1,16,0,NA,2,15,0,NA,NA,NA,NA,60,NA,NA,NA,60,NA,NA,NA,60,NA,NA,NA,60
Esteio-Colosso,5750,434,J,7,3,50,0,NA,3,36,0,NA,5,38,0,NA,4,35,0,NA,5,49,0,NA,4,40,1,NA
Esteio-Colosso,5750,2319,G,7,NA,NA,NA,NA,NA,NA,NA,NA,NA,NA,NA,NA,NA,NA,NA,NA,NA,NA,NA,NA,NA,NA,NA,NA
Esteio-Colosso,5750,155,A,7,1,71,0,NA,2,25,0,NA,2,57,0,NA,2,31,0,NA,4,45,0,NA,3,43,0,NA
Esteio-Colosso,5750,1408,H,8,NA,NA,NA,NA,NA,NA,NA,NA,NA,NA,NA,NA,NA,NA,NA,NA,NA,NA,NA,NA,NA,NA,NA,NA
Esteio-Colosso,5750,311,F,10,3,39,0,NA,5,57,0,NA,8,76,0,NA,9,77,1,NA,11,83,0,NA,11,70,2,NA
Esteio-Colosso,5750,2021,I,10,NA,NA,NA,NA,NA,NA,NA,NA,NA,NA,NA,NA,NA,NA,NA,NA,NA,NA,NA,NA,NA,NA,NA,NA
Esteio-Colosso,5750,870,D,10,NA,NA,NA,NA,NA,NA,NA,NA,NA,NA,NA,NA,NA,NA,NA,NA,NA,NA,NA,NA,NA,NA,NA,NA
Esteio-Colosso,5750,765,A,8,NA,NA,NA,NA,NA,NA,NA,NA,NA,NA,NA,NA,NA,NA,NA,NA,2,12,0,1,1,10,0,NA
Esteio-Colosso,5750,664,G,10,NA,NA,NA,NA,NA,NA,NA,NA,1,7,0,1,1,4,0,NA,NA,NA,NA,2,NA,NA,NA,NA
Esteio-Colosso,5750,34,G,9,NA,NA,NA,NA,8,78,0,NA,11,65,0,NA,8,57,1,NA,6,63,0,NA,5,77,1,NA
Esteio-Colosso,5750,1328,B,7,NA,NA,NA,NA,NA,NA,NA,NA,NA,NA,NA,NA,NA,NA,NA,NA,NA,NA,NA,NA,NA,NA,NA,NA
Esteio-Colosso,5750,2080,H,6,NA,NA,NA,NA,NA,NA,NA,NA,NA,NA,NA,NA,NA,NA,NA,NA,NA,NA,NA,NA,NA,NA,NA,NA
Esteio-Colosso,5750,1310,G,8,NA,NA,NA,NA,NA,NA,NA,NA,NA,NA,NA,NA,NA,NA,NA,NA,NA,NA,NA,NA,NA,NA,NA,NA
Esteio-Colosso,5750,185,D,8,1,50,0,NA,2,54,0,NA,3,72,0,NA,4,73,0,NA,4,104,0,NA,4,90,1,NA
Esteio-Colosso,5750,812,C,9,NA,NA,NA,NA,NA,NA,NA,NA,NA,NA,NA,NA,NA,NA,NA,NA,2,11,0,1,1,12,0,NA
Esteio-Colosso,5750,1332,A,7,8,96,1,NA,7,102,1,NA,9,68,1,NA,9,100,1,NA,12,99,0,NA,7,76,0,NA
Esteio-Colosso,5750,307,D,8,3,44,0,NA,3,59,0,NA,2,50,0,NA,2,60,0,NA,4,57,0,NA,4,50,0,NA
Esteio-Colosso,5750,1363,F,8,NA,NA,NA,NA,NA,NA,NA,NA,NA,NA,NA,NA,NA,NA,NA,NA,NA,NA,NA,NA,NA,NA,NA,NA
Esteio-Colosso,5750,744,J,8,NA,NA,NA,NA,NA,NA,NA,NA,NA,NA,NA,NA,NA,NA,NA,NA,1,11,0,1,1,5,0,NA
Esteio-Colosso,5750,399,J,10,2,47,0,NA,3,48,0,NA,2,47,0,NA,4,51,0,NA,7,66,0,NA,4,60,1,NA
Esteio-Colosso,5750,785,J,10,NA,NA,NA,NA,NA,NA,NA,NA,NA,NA,NA,NA,1,12,0,1,1,16,0,NA,1,12,0,NA
Esteio-Colosso,5750,373,H,7,2,54,0,NA,2,49,0,NA,2,43,0,NA,2,35,0,NA,3,49,0,NA,3,37,0,NA
Esteio-Colosso,5750,2002,J,8,NA,NA,NA,NA,NA,NA,NA,NA,NA,NA,NA,NA,NA,NA,NA,NA,NA,NA,NA,NA,NA,NA,NA,NA
Esteio-Colosso,5750,410,J,10,2,16,0,NA,3,20,0,NA,3,27,0,NA,3,26,0,NA,6,35,0,NA,3,36,0,NA
Esteio-Colosso,5750,57,J,6,5,88,0,NA,6,62,0,NA,6,88,0,NA,4,43,0,NA,5,65,0,NA,5,71,0,NA
Esteio-Colosso,5750,2305,J,6,NA,NA,NA,NA,NA,NA,NA,NA,NA,NA,NA,NA,NA,NA,NA,NA,NA,NA,NA,NA,NA,NA,NA,NA
Esteio-Colosso,5750,710,A,8,NA,NA,NA,NA,NA,NA,NA,NA,NA,NA,NA,NA,1,16,0,1,2,25,0,NA,2,20,0,NA
Esteio-Colosso,5750,1317,J,8,5,70,1,NA,5,71,0,NA,4,65,0,NA,5,78,1,NA,5,20,1,NA,4,60,1,NA
Esteio-Colosso,5750,884,D,10,4,70,1,NA,5,64,0,NA,7,91,0,NA,7,103,1,NA,11,80,0,NA,8,74,0,NA
Esteio-Colosso,5750,484,C,10,NA,NA,NA,NA,1,16,0,3,1,19,0,NA,2,24,0,NA,2,31,0,80,3,45,0,NA
Esteio-Colosso,5750,957,A,10,4,79,1,NA,1,46,0,NA,2,22,0,NA,2,29,0,NA,NA,NA,NA,90,1,20,0,90
Esteio-Colosso,5750,2355,H,6,NA,NA,NA,NA,NA,NA,NA,NA,NA,NA,NA,NA,NA,NA,NA,NA,NA,NA,NA,NA,NA,NA,NA,NA
Esteio-Colosso,5750,189,A,6,1,18,0,NA,2,7,0,NA,2,17,0,NA,NA,NA,NA,60,NA,NA,NA,60,NA,NA,NA,60
Esteio-Colosso,5750,240,G,8,3,31,0,NA,4,35,0,NA,3,51,0,NA,3,50,0,NA,4,45,0,NA,5,45,0,NA
Esteio-Colosso,5750,988,C,8,NA,NA,NA,NA,NA,NA,NA,NA,NA,NA,NA,NA,NA,NA,NA,NA,NA,NA,NA,NA,NA,NA,NA,NA
Esteio-Colosso,5750,1324,F,8,NA,NA,NA,NA,NA,NA,NA,NA,NA,NA,NA,NA,NA,NA,NA,NA,NA,NA,NA,NA,NA,NA,NA,NA
Esteio-Colosso,5750,2359,D,6,NA,NA,NA,NA,NA,NA,NA,NA,NA,NA,NA,NA,NA,NA,NA,NA,NA,NA,NA,NA,NA,NA,NA,NA
Esteio-Colosso,5750,925,C,10,NA,NA,NA,NA,NA,NA,NA,NA,NA,NA,NA,NA,NA,NA,NA,NA,NA,NA,NA,NA,NA,NA,NA,NA
Esteio-Colosso,5750,1334,A,7,4,69,0,NA,3,24,1,NA,4,72,0,NA,4,72,0,NA,6,82,0,NA,5,78,0,NA
Esteio-Colosso,5750,65,F,6,4,75,0,NA,4,82,0,NA,5,79,0,NA,4,91,0,NA,6,116,0,NA,4,65,1,NA
Esteio-Colosso,5750,205,B,7,1,30,0,NA,2,42,0,NA,2,51,0,NA,2,55,0,NA,3,51,0,NA,2,39,0,NA
Esteio-Colosso,5750,47,B,10,4,104,0,NA,3,98,0,NA,4,114,0,NA,9,112,0,NA,4,133,1,NA,2,120,1,NA
Esteio-Colosso,5750,448,J,6,2,42,0,NA,2,29,0,NA,2,54,0,NA,3,48,0,NA,3,45,0,NA,2,56,0,NA
Esteio-Colosso,5750,844,C,9,NA,NA,NA,NA,NA,NA,NA,NA,NA,NA,NA,NA,NA,NA,NA,NA,1,8,0,1,2,15,0,NA
Esteio-Colosso,5750,267,F,6,4,48,0,NA,4,76,0,NA,3,68,0,NA,3,63,1,NA,4,69,0,NA,5,80,1,NA
Esteio-Colosso,5750,963,B,7,3,86,0,NA,3,61,0,NA,3,55,0,NA,3,64,0,NA,2,51,0,NA,3,58,0,NA
Esteio-Colosso,5750,596,C,10,NA,NA,NA,NA,NA,NA,NA,NA,1,8,0,1,1,10,0,NA,1,13,0,NA,1,12,0,NA
Esteio-Colosso,5750,754,C,9,NA,NA,NA,NA,NA,NA,NA,NA,NA,NA,NA,NA,NA,NA,NA,NA,1,8,0,1,1,18,0,NA
Esteio-Colosso,5750,1326,J,8,NA,NA,NA,NA,NA,NA,NA,NA,NA,NA,NA,NA,NA,NA,NA,NA,NA,NA,NA,NA,NA,NA,NA,NA
Esteio-Colosso,5750,424,I,8,2,21,0,NA,2,17,0,NA,4,18,0,NA,6,24,0,NA,6,35,0,NA,2,30,0,NA
Esteio-Colosso,5750,562,J,9,NA,NA,NA,NA,NA,NA,NA,NA,4,69,0,3,8,0,0,NA,6,47,0,NA,5,62,0,NA
Esteio-Colosso,5750,718,C,7,NA,NA,NA,NA,NA,NA,NA,NA,NA,NA,NA,NA,NA,NA,NA,NA,1,8,0,1,NA,NA,NA,2
Esteio-Colosso,5750,148,A,7,1,23,0,NA,1,20,0,NA,2,22,0,NA,3,28,0,NA,7,39,0,NA,3,20,0,NA
Esteio-Colosso,5750,2024,H,6,NA,NA,NA,NA,NA,NA,NA,NA,NA,NA,NA,NA,NA,NA,NA,NA,NA,NA,NA,NA,NA,NA,NA,NA
Esteio-Colosso,5750,615,C,9,NA,NA,NA,NA,NA,NA,NA,NA,3,13,0,3,3,10,0,NA,2,16,0,NA,1,11,0,NA
Esteio-Colosso,5750,364,J,10,3,34,0,NA,5,40,0,NA,5,40,0,NA,7,38,0,NA,7,46,0,NA,6,46,0,NA
Esteio-Colosso,5750,298,G,7,4,55,1,NA,1,62,0,NA,5,38,0,NA,5,53,0,NA,5,51,0,NA,6,50,0,NA
Esteio-Colosso,5750,501,I,6,NA,NA,NA,NA,1,6,0,1,1,9,0,NA,1,7,0,NA,1,14,0,NA,1,10,0,NA
Esteio-Colosso,5750,1423,F,7,NA,NA,NA,NA,NA,NA,NA,NA,NA,NA,NA,NA,NA,NA,NA,NA,NA,NA,NA,NA,NA,NA,NA,NA
Esteio-Colosso,5750,649,A,8,NA,NA,NA,NA,NA,NA,NA,NA,1,9,0,1,1,13,0,NA,5,13,0,NA,1,11,0,NA
Esteio-Colosso,5750,426,L,8,3,24,0,NA,5,24,0,NA,5,32,0,NA,6,34,0,NA,12,39,0,NA,8,46,1,NA
Esteio-Colosso,5750,138,A,9,2,50,0,NA,3,48,0,NA,2,48,0,NA,4,47,0,NA,5,54,0,NA,5,45,0,NA
Esteio-Colosso,5751,303,B,8,NA,NA,NA,NA,NA,NA,NA,NA,NA,NA,NA,NA,NA,NA,NA,NA,NA,NA,NA,NA,1,3,0,1
Esteio-Colosso,5751,5,A,8,4,64,0,NA,6,57,0,NA,6,51,0,NA,7,70,0,NA,1,45,0,NA,1,60,0,90
Esteio-Colosso,5751,255,A,8,NA,NA,NA,NA,NA,NA,NA,NA,NA,NA,NA,NA,NA,NA,NA,NA,1,5,0,1,NA,NA,NA,2
Esteio-Colosso,5751,94,A,3,3,40,0,NA,4,34,0,NA,3,42,0,NA,3,39,0,NA,4,35,0,NA,5,48,0,NA
Esteio-Colosso,5751,215,E,6,NA,NA,NA,NA,NA,NA,NA,NA,1,9,0,1,1,13,0,NA,2,13,0,NA,1,26,0,NA
Esteio-Colosso,5751,407,C,2,NA,NA,NA,NA,NA,NA,NA,NA,NA,NA,NA,NA,NA,NA,NA,NA,NA,NA,NA,NA,NA,NA,NA,NA
Esteio-Colosso,5751,72,D,4,4,36,0,NA,4,59,0,NA,5,52,0,NA,5,54,0,NA,6,75,0,NA,6,51,0,NA
Esteio-Colosso,5751,153,C,4,NA,NA,NA,NA,1,10,0,1,1,13,0,NA,1,13,0,NA,2,20,0,NA,2,16,0,NA
Esteio-Colosso,5751,391,E,2,NA,NA,NA,NA,NA,NA,NA,NA,NA,NA,NA,NA,NA,NA,NA,NA,NA,NA,NA,NA,NA,NA,NA,NA
Esteio-Colosso,5751,198,D,6,NA,NA,NA,NA,1,15,0,3,NA,NA,NA,60,1,18,0,NA,2,17,0,NA,2,13,0,NA
Esteio-Colosso,5751,313,A,5,NA,NA,NA,NA,NA,NA,NA,NA,NA,NA,NA,NA,NA,NA,NA,NA,NA,NA,NA,NA,NA,NA,NA,NA
Esteio-Colosso,5751,115,A,8,1,31,0,NA,2,29,0,NA,NA,NA,NA,60,NA,NA,NA,60,NA,NA,NA,60,NA,NA,NA,60
Esteio-Colosso,5751,74,B,2,NA,NA,NA,NA,1,4,0,1,1,6,0,NA,NA,NA,NA,2,NA,NA,NA,NA,NA,NA,NA,NA
Esteio-Colosso,5751,93,E,7,3,55,1,NA,4,76,1,NA,5,70,0,NA,5,68,0,NA,8,61,0,NA,9,73,2,NA
Esteio-Colosso,5751,173,B,8,NA,NA,NA,NA,1,11,0,1,NA,NA,NA,2,NA,NA,NA,NA,NA,NA,NA,NA,NA,NA,NA,NA
Esteio-Colosso,5751,233,D,5,NA,NA,NA,NA,NA,NA,NA,NA,1,9,0,1,1,9,0,NA,1,12,0,90,3,16,0,NA
Esteio-Colosso,5751,91,D,6,3,43,0,NA,5,43,0,NA,3,70,0,NA,2,78,0,NA,5,45,0,NA,2,53,0,NA
Esteio-Colosso,5751,372,E,6,NA,NA,NA,NA,NA,NA,NA,NA,NA,NA,NA,NA,NA,NA,NA,NA,NA,NA,NA,NA,NA,NA,NA,NA
Esteio-Colosso,5751,268,C,6,NA,NA,NA,NA,NA,NA,NA,NA,1,8,0,1,1,10,0,NA,NA,NA,NA,2,NA,NA,NA,NA
Esteio-Colosso,5751,53,E,10,1,40,0,NA,1,32,0,NA,1,24,0,NA,2,24,0,NA,2,35,0,NA,2,34,0,NA
Esteio-Colosso,5751,122,E,4,NA,NA,NA,NA,1,16,0,3,3,20,0,NA,2,22,0,NA,1,21,0,NA,2,26,0,NA
Esteio-Colosso,5751,301,B,8,NA,NA,NA,NA,NA,NA,NA,NA,NA,NA,NA,NA,NA,NA,NA,NA,NA,NA,NA,NA,1,4,0,1
Esteio-Colosso,5751,269,C,9,NA,NA,NA,NA,NA,NA,NA,NA,1,10,0,1,1,11,0,NA,NA,NA,NA,2,NA,NA,NA,NA
Esteio-Colosso,5751,213,C,9,NA,NA,NA,NA,NA,NA,NA,NA,1,10,0,1,1,9,0,NA,1,12,0,NA,1,11,0,NA
Esteio-Colosso,5751,254,E,6,NA,NA,NA,NA,NA,NA,NA,NA,NA,NA,NA,NA,NA,NA,NA,NA,1,19,0,3,1,17,0,NA
Esteio-Colosso,5751,178,C,9,NA,NA,NA,NA,1,7,0,1,NA,NA,NA,2,NA,NA,NA,NA,NA,NA,NA,NA,NA,NA,NA,NA
Esteio-Colosso,5751,40,A,8,2,56,0,NA,3,47,0,NA,1,54,0,NA,3,46,0,NA,3,32,0,NA,2,61,0,NA
Esteio-Colosso,5751,493,B,6,NA,NA,NA,NA,NA,NA,NA,NA,NA,NA,NA,NA,NA,NA,NA,NA,NA,NA,NA,NA,NA,NA,NA,NA
Esteio-Colosso,5751,332,C,6,NA,NA,NA,NA,NA,NA,NA,NA,NA,NA,NA,NA,NA,NA,NA,NA,1,11,0,1,1,14,0,NA
Esteio-Colosso,5751,68,C,10,1,28,0,NA,2,28,0,NA,2,31,0,NA,2,33,0,NA,3,27,0,NA,1,31,0,NA
Esteio-Colosso,5751,110,C,5,NA,NA,NA,NA,1,18,0,3,2,30,0,NA,2,33,0,NA,3,28,0,NA,2,36,0,NA
Esteio-Colosso,5751,274,B,2,NA,NA,NA,NA,NA,NA,NA,NA,1,6,0,1,NA,NA,NA,2,NA,NA,NA,NA,NA,NA,NA,NA
Esteio-Colosso,5751,420,D,6,NA,NA,NA,NA,NA,NA,NA,NA,NA,NA,NA,NA,NA,NA,NA,NA,NA,NA,NA,NA,NA,NA,NA,NA
Esteio-Colosso,5751,352,C,5,NA,NA,NA,NA,NA,NA,NA,NA,NA,NA,NA,NA,NA,NA,NA,NA,7,17,0,50,2,24,0,NA
Esteio-Colosso,5751,184,A,8,NA,NA,NA,NA,1,17,0,3,2,21,0,NA,1,14,0,NA,1,11,0,NA,NA,NA,NA,2
Esteio-Colosso,5751,12,C,9,2,64,0,80,2,62,0,NA,4,80,0,NA,4,109,1,NA,8,82,0,NA,5,81,0,NA
Esteio-Colosso,5751,66,C,5,NA,NA,NA,NA,1,14,0,3,1,19,0,NA,2,21,0,NA,3,21,0,NA,3,22,0,NA
Esteio-Colosso,5751,11,C,9,5,82,0,NA,8,54,3,NA,8,57,1,NA,4,65,0,NA,5,56,1,NA,4,57,0,NA
Esteio-Colosso,5751,19,D,6,3,63,0,NA,2,60,0,NA,3,78,1,NA,4,72,0,NA,4,54,0,NA,4,50,0,NA
Esteio-Colosso,5751,87,A,8,2,38,0,NA,1,40,0,NA,2,31,0,NA,1,19,0,NA,1,13,0,90,NA,NA,NA,90
Esteio-Colosso,5752,263,C,5,NA,NA,NA,NA,1,18,0,3,1,6,0,NA,1,9,0,NA,1,6,0,NA,NA,NA,NA,60
Esteio-Colosso,5752,841,A,5,NA,NA,NA,NA,NA,NA,NA,NA,NA,NA,NA,NA,NA,NA,NA,NA,NA,NA,NA,NA,NA,NA,NA,NA
Esteio-Colosso,5752,406,E,5,NA,NA,NA,NA,NA,NA,NA,NA,1,10,0,1,NA,NA,NA,2,NA,NA,NA,NA,NA,NA,NA,NA
Esteio-Colosso,5752,573,B,1,NA,NA,NA,NA,NA,NA,NA,NA,NA,NA,NA,NA,NA,NA,NA,NA,NA,NA,NA,NA,NA,NA,NA,NA
Esteio-Colosso,5752,783,A,5,NA,NA,NA,NA,NA,NA,NA,NA,NA,NA,NA,NA,NA,NA,NA,NA,NA,NA,NA,NA,NA,NA,NA,NA
Esteio-Colosso,5752,760,E,2,NA,NA,NA,NA,NA,NA,NA,NA,NA,NA,NA,NA,NA,NA,NA,NA,NA,NA,NA,NA,NA,NA,NA,NA
Esteio-Colosso,5752,667,E,2,NA,NA,NA,NA,NA,NA,NA,NA,NA,NA,NA,NA,NA,NA,NA,NA,NA,NA,NA,NA,NA,NA,NA,NA
Esteio-Colosso,5752,309,D,6,NA,NA,NA,NA,1,10,0,3,1,18,0,NA,2,14,0,NA,3,20,0,NA,3,22,0,NA
Esteio-Colosso,5752,290,B,5,NA,NA,NA,NA,1,38,0,NA,1,10,0,80,1,23,0,NA,NA,NA,0,50,NA,NA,NA,NA
Esteio-Colosso,5752,23,A,3,4,74,0,NA,4,72,0,NA,5,65,0,NA,4,81,0,NA,7,146,0,NA,5,193,2,NA
Esteio-Colosso,5752,464,B,6,NA,NA,NA,NA,NA,NA,NA,NA,NA,NA,NA,NA,1,21,0,40,1,30,0,NA,1,30,0,NA
Esteio-Colosso,5752,677,D,7,NA,NA,NA,NA,NA,NA,NA,NA,NA,NA,NA,NA,NA,NA,NA,NA,NA,NA,NA,NA,3,22,0,50
Esteio-Colosso,5752,159,E,3,2,27,0,NA,3,25,0,NA,1,25,0,NA,2,21,0,NA,3,23,0,NA,1,17,0,NA
Esteio-Colosso,5752,592,C,5,NA,NA,NA,NA,NA,NA,NA,NA,NA,NA,NA,NA,NA,NA,NA,NA,1,4,0,1,NA,NA,NA,2
Esteio-Colosso,5752,257,E,1,NA,NA,NA,NA,2,48,0,3,3,37,0,NA,2,43,0,NA,3,38,0,NA,2,41,0,NA
Esteio-Colosso,5752,560,C,7,NA,NA,NA,NA,NA,NA,0,1,NA,NA,NA,NA,1,11,0,1,1,13,0,NA,1,16,0,NA
Esteio-Colosso,5752,235,D,3,NA,NA,NA,NA,1,10,0,3,NA,NA,NA,2,NA,NA,NA,NA,NA,NA,NA,NA,NA,NA,NA,NA
Esteio-Colosso,5752,843,C,5,NA,NA,NA,NA,NA,NA,NA,NA,NA,NA,NA,NA,NA,NA,NA,NA,NA,NA,NA,NA,NA,NA,NA,NA
Esteio-Colosso,5752,90,C,8,1,34,0,NA,2,38,0,NA,2,45,0,NA,2,41,0,NA,2,25,0,NA,2,35,0,NA
Esteio-Colosso,5752,425,D,5,NA,NA,NA,NA,NA,NA,NA,NA,1,6,0,1,NA,NA,NA,2,NA,NA,NA,NA,NA,NA,NA,NA
Esteio-Colosso,5752,287,B,3,NA,NA,NA,NA,1,12,0,1,2,20,0,NA,2,20,0,NA,NA,NA,NA,60,NA,NA,NA,60
Esteio-Colosso,5752,661,B,4,NA,NA,NA,NA,NA,NA,NA,NA,NA,NA,NA,NA,NA,NA,NA,NA,NA,NA,NA,NA,1,13,0,1
Esteio-Colosso,5752,731,C,10,NA,NA,NA,NA,NA,NA,NA,NA,NA,NA,NA,NA,NA,NA,NA,NA,NA,NA,NA,NA,NA,NA,NA,NA
Esteio-Colosso,5752,625,E,5,NA,NA,NA,NA,NA,NA,NA,NA,NA,NA,NA,NA,NA,NA,NA,NA,1,15,0,3,5,50,0,NA
Esteio-Colosso,5752,611,C,4,NA,NA,NA,NA,NA,NA,NA,NA,NA,NA,NA,NA,NA,NA,NA,NA,1,7,0,1,1,10,0,NA
Esteio-Colosso,5752,426,B,4,NA,NA,NA,NA,NA,NA,0,3,1,11,0,1,1,10,0,NA,2,17,0,NA,2,10,0,NA
Esteio-Colosso,5752,416,C,5,NA,NA,NA,NA,NA,NA,NA,NA,1,15,0,1,1,17,0,NA,2,25,0,90,3,26,0,NA
Esteio-Colosso,5752,283,C,5,NA,NA,NA,NA,1,14,0,3,1,30,0,NA,2,35,0,NA,2,38,0,NA,3,37,0,NA
Esteio-Colosso,5752,836,A,5,NA,NA,NA,NA,NA,NA,NA,NA,NA,NA,NA,NA,NA,NA,NA,NA,NA,NA,NA,NA,NA,NA,NA,NA
Esteio-Colosso,5752,434,C,5,NA,NA,NA,NA,NA,NA,NA,NA,1,17,0,1,2,21,0,NA,3,38,0,NA,4,43,0,NA
Esteio-Colosso,5752,678,E,2,NA,NA,NA,NA,NA,NA,NA,NA,NA,NA,NA,NA,NA,NA,NA,NA,NA,NA,NA,NA,NA,NA,NA,NA
Esteio-Colosso,5752,344,A,9,NA,NA,NA,NA,1,8,0,1,1,12,0,NA,1,19,0,NA,1,22,0,NA,1,10,0,NA
Esteio-Colosso,5752,402,D,6,NA,NA,NA,NA,NA,NA,NA,NA,1,8,0,1,1,13,0,NA,2,14,0,NA,1,17,0,NA
Esteio-Colosso,5752,632,E,1,NA,NA,NA,NA,NA,NA,NA,NA,NA,NA,NA,NA,NA,NA,NA,NA,NA,NA,NA,NA,NA,NA,NA,NA
Esteio-Colosso,5752,412,C,5,NA,NA,NA,NA,NA,NA,NA,NA,1,10,0,1,NA,NA,NA,2,NA,NA,NA,NA,NA,NA,NA,NA
Esteio-Colosso,5752,123,E,10,1,12,0,NA,1,10,0,NA,1,12,0,NA,1,12,0,NA,1,8,0,NA,1,10,0,NA
Esteio-Colosso,5752,148,B,4,1,21,0,NA,2,14,0,NA,NA,NA,NA,2,NA,NA,NA,NA,NA,NA,NA,NA,NA,NA,NA,NA
Esteio-Colosso,5752,317,E,2,NA,NA,NA,NA,2,10,0,3,1,13,0,NA,NA,NA,NA,60,NA,NA,NA,60,NA,NA,NA,60
Esteio-Colosso,5752,552,A,4,2,30,0,NA,2,22,0,NA,2,22,0,NA,2,37,0,NA,1,25,0,NA,2,23,0,NA
Esteio-Colosso,5752,466,A,9,NA,NA,NA,NA,NA,NA,NA,NA,1,27,0,3,2,51,0,NA,5,80,0,NA,3,95,0,NA
Esteio-Colosso,5752,47,C,6,1,33,0,80,2,28,0,NA,3,55,0,80,1,62,0,NA,2,67,1,NA,2,55,0,NA
Esteio-Colosso,5752,81,C,8,2,41,0,NA,2,39,0,NA,2,50,0,NA,3,48,0,NA,3,60,0,NA,2,59,0,NA
Esteio-Colosso,5752,717,B,6,NA,NA,NA,NA,NA,NA,NA,NA,NA,NA,NA,NA,NA,NA,NA,NA,NA,NA,NA,NA,NA,NA,NA,NA
Esteio-Colosso,5752,119,D,8,2,26,0,NA,2,30,0,NA,3,32,0,NA,3,34,0,NA,2,38,0,NA,1,12,0,NA
Esteio-Colosso,5752,391,C,10,NA,NA,NA,NA,1,12,0,3,1,13,0,NA,1,15,0,NA,NA,NA,NA,2,NA,NA,NA,NA
Esteio-Colosso,5752,124,C,8,1,28,0,NA,2,44,0,NA,3,49,0,NA,3,37,0,NA,3,46,0,NA,3,42,0,NA
Esteio-Colosso,5752,20,B,3,NA,NA,NA,NA,4,42,0,NA,4,45,0,NA,3,51,0,NA,4,73,1,NA,5,60,0,NA
Esteio-Colosso,5752,799,E,3,NA,NA,NA,NA,NA,NA,NA,NA,NA,NA,NA,NA,NA,NA,NA,NA,NA,NA,NA,NA,NA,NA,NA,NA
Esteio-Colosso,5752,555,B,2,NA,NA,NA,NA,NA,NA,NA,NA,NA,NA,NA,NA,1,10,0,1,1,17,0,NA,2,23,0,NA
Esteio-Colosso,5752,454,B,5,NA,NA,NA,NA,NA,NA,NA,NA,1,10,0,1,1,8,0,NA,1,22,0,NA,1,24,0,NA
Esteio-Colosso,5752,195,A,5,2,24,0,NA,2,24,0,NA,3,30,0,NA,2,39,0,NA,4,37,0,NA,3,42,0,NA
Esteio-Colosso,5752,439,C,5,NA,NA,NA,NA,NA,NA,NA,NA,1,13,0,1,NA,NA,NA,2,NA,NA,NA,NA,NA,NA,NA,NA
Esteio-Colosso,5752,489,D,8,NA,NA,NA,NA,NA,NA,NA,NA,1,13,0,1,1,12,0,NA,NA,NA,NA,2,NA,NA,NA,NA
Esteio-Colosso,5752,162,A,5,1,15,0,NA,2,32,0,NA,NA,NA,NA,60,3,51,0,NA,5,64,0,NA,4,97,1,NA
Esteio-Colosso,5752,423,A,4,NA,NA,NA,NA,NA,NA,NA,NA,1,9,0,1,2,10,0,NA,2,16,0,NA,2,13,0,NA
Esteio-Colosso,5752,443,C,5,NA,NA,NA,NA,NA,NA,NA,NA,1,12,0,1,1,12,0,NA,1,11,0,90,1,10,0,NA
Esteio-Colosso,5752,551,A,2,NA,NA,NA,NA,NA,NA,NA,NA,NA,NA,NA,NA,1,10,0,1,1,10,0,NA,NA,NA,NA,2
Esteio-Colosso,5752,342,E,8,NA,NA,NA,NA,1,26,0,3,2,33,0,NA,2,33,0,NA,2,25,0,NA,NA,25,0,NA
Esteio-Colosso,5752,739,C,10,NA,NA,NA,NA,NA,NA,NA,NA,NA,NA,NA,NA,NA,NA,NA,NA,NA,NA,NA,NA,NA,NA,NA,NA
Esteio-Colosso,5752,286,D,6,NA,NA,NA,NA,1,8,0,1,NA,NA,NA,2,NA,NA,NA,NA,NA,NA,NA,NA,NA,NA,NA,NA
Esteio-Colosso,5752,197,B,3,3,26,0,NA,NA,NA,NA,60,1,24,0,NA,2,30,0,NA,5,51,0,NA,6,45,0,NA
Esteio-Colosso,5752,104,C,8,2,44,0,NA,2,37,0,NA,3,54,0,NA,2,49,0,NA,2,46,0,NA,1,35,0,NA
Esteio-Colosso,5752,701,C,4,NA,NA,NA,NA,NA,NA,NA,NA,NA,NA,NA,NA,NA,NA,NA,NA,NA,NA,NA,NA,NA,NA,NA,NA
Esteio-Colosso,5752,71,C,9,1,33,0,NA,2,33,0,NA,2,35,0,NA,2,37,0,NA,1,37,0,NA,1,32,0,NA
Esteio-Colosso,5752,33,B,5,2,56,0,NA,3,50,0,NA,3,51,0,NA,4,59,0,NA,1,30,0,90,3,55,0,NA
Esteio-Colosso,5752,546,C,3,NA,NA,NA,NA,NA,NA,NA,NA,NA,NA,NA,NA,2,24,0,50,3,27,0,NA,3,51,0,NA
Esteio-Colosso,5752,500,D,6,NA,NA,NA,NA,NA,NA,NA,NA,1,10,0,1,1,1,0,NA,NA,NA,NA,2,NA,NA,NA,NA
Esteio-Colosso,5752,568,E,7,NA,NA,NA,NA,NA,NA,NA,NA,NA,NA,NA,NA,1,10,0,1,2,20,0,NA,1,30,0,NA
Esteio-Colosso,5752,417,B,3,NA,NA,NA,NA,NA,NA,NA,NA,1,8,0,1,1,11,0,NA,1,3,0,NA,NA,NA,NA,2
Esteio-Colosso,5752,669,E,2,NA,NA,NA,NA,NA,NA,NA,NA,NA,NA,NA,NA,NA,NA,NA,NA,NA,NA,NA,NA,NA,NA,NA,NA
Esteio-Colosso,5752,589,E,7,NA,NA,NA,NA,NA,NA,NA,NA,NA,NA,NA,NA,NA,NA,NA,NA,1,8,0,1,1,13,0,NA
Esteio-Colosso,5752,278,D,5,NA,NA,NA,NA,1,2,0,1,NA,NA,NA,60,1,8,0,NA,NA,NA,NA,60,1,19,0,NA
Esteio-Colosso,5752,312,D,6,NA,NA,NA,NA,1,10,0,1,1,14,0,NA,1,20,0,NA,1,25,0,NA,2,22,0,NA
Esteio-Colosso,5752,125,D,8,2,28,0,NA,1,33,0,NA,3,29,0,NA,3,31,0,NA,2,30,0,90,2,26,0,NA
Esteio-Colosso,5752,523,E,7,NA,NA,NA,NA,NA,NA,NA,NA,1,10,0,1,1,20,0,NA,3,22,0,90,2,28,0,NA
Esteio-Colosso,5752,86,B,9,2,31,0,NA,3,44,0,NA,3,44,0,NA,2,43,0,NA,2,38,0,NA,1,44,0,NA
Esteio-Colosso,5752,595,B,5,NA,NA,NA,NA,NA,NA,NA,NA,NA,NA,NA,NA,NA,NA,NA,NA,1,12,0,1,NA,NA,NA,2
Esteio-Colosso,5752,92,C,10,1,23,0,NA,2,21,0,NA,2,28,0,NA,2,23,0,NA,1,24,0,NA,1,25,0,NA
Esteio-Colosso,5752,714,D,5,NA,NA,NA,NA,NA,NA,NA,NA,NA,NA,NA,NA,NA,NA,NA,NA,NA,NA,NA,NA,NA,NA,NA,NA
Esteio-Colosso,5752,65,B,10,2,21,0,NA,4,44,0,NA,3,48,0,NA,4,50,0,NA,2,23,0,NA,3,22,0,NA
Esteio-Colosso,5752,57,B,10,3,48,0,NA,2,61,0,NA,3,62,0,NA,3,70,0,NA,4,69,0,NA,2,62,0,NA
Esteio-Colosso,5752,473,D,8,NA,NA,NA,NA,NA,NA,NA,NA,1,10,0,1,1,16,0,NA,1,16,0,NA,2,16,0,NA
Esteio-Colosso,5756,1625,A,2,NA,NA,NA,NA,NA,NA,NA,NA,NA,NA,NA,NA,NA,NA,NA,NA,NA,NA,NA,NA,NA,NA,NA,NA
Esteio-Colosso,5756,893,A,4,NA,NA,NA,NA,NA,NA,NA,NA,NA,NA,NA,NA,NA,NA,NA,NA,2,15,0,1,1,11,0,NA
Esteio-Colosso,5756,107,D,8,6,100,1,NA,6,85,0,NA,9,72,0,NA,7,76,1,NA,11,79,0,NA,10,56,1,NA
Esteio-Colosso,5756,103,B,6,3,80,0,NA,2,60,0,NA,3,71,0,NA,4,60,0,NA,3,64,0,NA,2,70,0,NA
Esteio-Colosso,5756,317,A,5,1,14,0,NA,1,10,0,NA,2,10,0,NA,2,8,0,NA,2,13,0,NA,1,3,0,NA
Esteio-Colosso,5756,553,B,4,NA,NA,NA,NA,1,8,0,1,1,10,0,NA,1,12,0,NA,1,14,0,NA,1,10,0,NA
Esteio-Colosso,5756,338,E,5,1,18,0,NA,NA,NA,NA,2,NA,NA,NA,NA,NA,NA,NA,NA,NA,NA,NA,NA,NA,NA,NA,NA
Esteio-Colosso,5756,474,B,10,3,63,0,NA,4,52,0,NA,4,55,0,NA,4,44,0,NA,4,39,0,NA,3,30,0,NA
Esteio-Colosso,5756,99,E,8,3,70,0,NA,5,50,0,NA,3,50,0,NA,2,86,0,NA,4,62,0,NA,3,63,1,NA
Esteio-Colosso,5756,621,D,4,3,27,0,NA,1,6,0,NA,1,10,0,NA,1,10,0,NA,1,13,0,NA,1,12,0,NA
Esteio-Colosso,5756,1716,D,1,NA,NA,NA,NA,NA,NA,NA,NA,NA,NA,NA,NA,NA,NA,NA,NA,NA,NA,NA,NA,NA,NA,NA,NA
Esteio-Colosso,5756,1775,E,6,NA,NA,NA,NA,NA,NA,NA,NA,NA,NA,NA,NA,NA,NA,NA,NA,NA,NA,NA,NA,NA,NA,NA,NA
Esteio-Colosso,5756,138,A,3,2,27,0,NA,3,27,0,NA,3,26,0,NA,4,30,0,NA,2,47,0,NA,3,35,0,NA
Esteio-Colosso,5756,1679,C,2,NA,NA,NA,NA,NA,NA,NA,NA,NA,NA,NA,NA,NA,NA,NA,NA,NA,NA,NA,NA,NA,NA,NA,NA
Esteio-Colosso,5756,2287,B,9,NA,NA,NA,NA,NA,NA,NA,NA,NA,NA,NA,NA,NA,NA,NA,NA,NA,NA,NA,NA,NA,NA,NA,NA
Esteio-Colosso,5756,543,A,2,NA,NA,NA,NA,NA,NA,NA,NA,1,10,0,1,1,6,0,NA,1,8,0,NA,1,7,0,NA
Esteio-Colosso,5756,664,A,3,NA,NA,NA,NA,1,26,0,3,2,32,0,NA,3,33,0,NA,2,33,0,NA,2,36,0,NA
Esteio-Colosso,5756,1660,E,6,NA,NA,NA,NA,NA,NA,NA,NA,NA,NA,NA,NA,NA,NA,NA,NA,NA,NA,NA,NA,NA,NA,NA,NA
Esteio-Colosso,5756,162,A,1,3,67,0,NA,3,78,0,NA,4,70,0,NA,6,61,0,NA,6,75,0,NA,6,63,0,NA
Esteio-Colosso,5756,628,E,2,NA,NA,NA,NA,1,25,0,3,1,22,0,NA,2,22,0,NA,2,20,0,NA,1,17,0,NA
Esteio-Colosso,5756,877,B,6,NA,NA,NA,NA,NA,NA,NA,NA,1,7,0,1,1,8,0,NA,1,6,0,NA,1,5,0,NA
Esteio-Colosso,5756,405,A,7,2,64,0,NA,4,59,1,NA,5,56,0,NA,7,72,1,NA,6,75,0,NA,4,72,1,NA
Esteio-Colosso,5756,4,A,2,4,50,0,NA,6,56,1,NA,6,51,0,NA,6,28,0,NA,3,62,0,NA,4,48,0,NA
Esteio-Colosso,5756,646,A,2,NA,NA,NA,NA,1,6,0,1,1,10,0,NA,1,12,0,NA,2,20,0,NA,1,16,0,NA
Esteio-Colosso,5756,1643,B,6,NA,NA,NA,NA,NA,NA,NA,NA,NA,NA,NA,NA,NA,NA,NA,NA,NA,NA,NA,NA,NA,NA,NA,NA
Esteio-Colosso,5756,1262,A,8,NA,NA,NA,NA,NA,NA,NA,NA,NA,NA,NA,NA,NA,NA,NA,NA,NA,NA,NA,NA,3,18,0,3
Esteio-Colosso,5756,701,D,1,NA,NA,NA,NA,NA,NA,NA,NA,1,8,0,1,1,9,0,NA,1,16,0,NA,1,13,0,NA
Esteio-Colosso,5756,934,C,1,NA,NA,NA,NA,NA,NA,NA,NA,NA,NA,NA,NA,1,8,0,1,1,10,0,NA,1,6,0,NA
Esteio-Colosso,5756,489,D,9,5,52,0,NA,5,56,0,NA,6,89,0,NA,7,63,0,NA,6,70,0,NA,6,92,1,NA
Esteio-Colosso,5756,7,A,8,NA,NA,NA,NA,NA,NA,NA,NA,NA,NA,NA,NA,NA,NA,NA,NA,NA,NA,NA,NA,NA,NA,NA,NA
Esteio-Colosso,5756,725,E,4,NA,NA,NA,NA,NA,NA,NA,NA,1,8,0,1,1,14,0,NA,NA,NA,NA,80,1,20,0,NA
Esteio-Colosso,5756,721,D,1,NA,NA,NA,NA,NA,NA,NA,NA,1,5,0,1,NA,NA,NA,2,NA,NA,NA,NA,NA,NA,NA,NA
Esteio-Colosso,5756,207,C,2,1,10,0,NA,1,13,0,NA,2,13,0,NA,1,12,0,NA,2,12,0,NA,1,10,0,NA
Esteio-Colosso,5756,1292,A,8,NA,NA,NA,NA,NA,NA,NA,NA,NA,NA,NA,NA,NA,NA,NA,NA,NA,NA,NA,NA,NA,NA,NA,NA
Esteio-Colosso,5756,427,C,9,2,35,0,NA,3,28,0,NA,3,33,0,NA,2,36,0,NA,3,25,0,NA,1,22,0,NA
Esteio-Colosso,5756,121,A,2,4,28,0,NA,4,33,0,NA,6,31,0,NA,9,30,0,NA,7,27,0,NA,5,25,0,NA
Esteio-Colosso,5756,187,B,1,1,48,0,NA,1,38,0,NA,2,51,0,NA,3,50,0,NA,4,43,0,NA,3,51,0,NA
Esteio-Colosso,5756,195,A,2,1,15,0,NA,2,32,0,NA,3,26,0,NA,2,23,0,NA,4,22,0,NA,3,22,0,NA
Esteio-Colosso,5756,111,C,8,1,100,1,NA,2,48,1,NA,3,56,0,NA,3,94,1,NA,3,88,0,NA,3,47,1,NA
Esteio-Colosso,5756,1615,C,5,NA,NA,NA,NA,NA,NA,NA,NA,NA,NA,NA,NA,NA,NA,NA,NA,NA,NA,NA,NA,NA,NA,NA,NA
Esteio-Colosso,5756,158,D,1,1,18,0,NA,2,14,0,NA,2,21,0,NA,3,23,0,NA,2,9,0,NA,2,17,0,NA
Esteio-Colosso,5756,329,A,3,1,22,0,NA,2,22,0,NA,3,35,0,NA,4,44,0,NA,3,42,0,NA,2,40,0,NA
Esteio-Colosso,5756,776,D,3,1,22,0,NA,1,30,0,NA,3,25,0,NA,2,22,0,NA,3,27,0,NA,2,22,0,NA
Esteio-Colosso,5756,1618,E,3,NA,NA,NA,NA,NA,NA,NA,NA,NA,NA,NA,NA,NA,NA,NA,NA,NA,NA,NA,NA,NA,NA,NA,NA
Esteio-Colosso,5756,1708,E,6,NA,NA,NA,NA,NA,NA,NA,NA,NA,NA,NA,NA,NA,NA,NA,NA,NA,NA,NA,NA,NA,NA,NA,NA
Esteio-Colosso,5756,84,C,10,1,95,0,NA,1,36,0,NA,2,40,0,NA,3,31,0,NA,2,41,0,NA,3,45,0,NA
Esteio-Colosso,5756,2207,D,10,NA,NA,NA,NA,NA,NA,NA,NA,NA,NA,NA,NA,NA,NA,NA,NA,NA,NA,NA,NA,NA,NA,NA,NA
Esteio-Colosso,5756,1737,A,1,NA,NA,NA,NA,NA,NA,NA,NA,NA,NA,NA,NA,NA,NA,NA,NA,NA,NA,NA,NA,NA,NA,NA,NA
Esteio-Colosso,5756,343,C,4,4,36,0,NA,3,33,0,NA,2,25,0,NA,5,27,0,NA,4,31,0,NA,2,25,0,NA
Esteio-Colosso,5756,357,E,6,4,50,0,NA,3,38,0,NA,2,30,0,NA,2,29,0,NA,2,39,0,NA,2,40,0,NA
Esteio-Colosso,5756,1243,D,9,NA,NA,NA,NA,NA,NA,NA,NA,NA,NA,NA,NA,NA,NA,NA,NA,NA,NA,NA,NA,NA,NA,NA,NA
Esteio-Colosso,5756,1652,A,3,NA,NA,NA,NA,NA,NA,NA,NA,NA,NA,NA,NA,NA,NA,NA,NA,NA,NA,NA,NA,NA,NA,NA,NA
Esteio-Colosso,5756,1283,B,4,NA,NA,NA,NA,NA,NA,NA,NA,NA,NA,NA,NA,NA,NA,NA,NA,NA,NA,NA,NA,NA,NA,NA,NA
Esteio-Colosso,5756,747,D,6,NA,NA,NA,NA,1,10,0,1,1,11,0,NA,1,16,0,NA,2,16,0,NA,1,20,0,NA
Esteio-Colosso,5756,900,A,6,NA,NA,NA,NA,NA,NA,NA,NA,NA,NA,NA,NA,NA,NA,NA,NA,3,14,0,1,2,10,0,NA
Esteio-Colosso,5756,538,E,5,2,26,0,NA,NA,NA,NA,2,NA,NA,NA,NA,NA,NA,NA,NA,NA,NA,NA,NA,NA,NA,NA,NA
Esteio-Colosso,5756,1623,A,2,NA,NA,NA,NA,NA,NA,NA,NA,NA,NA,NA,NA,NA,NA,NA,NA,NA,NA,NA,NA,NA,NA,NA,NA
Esteio-Colosso,5756,160,B,2,3,57,0,NA,3,62,0,NA,4,63,0,NA,5,63,0,NA,4,59,0,NA,4,60,0,NA
Esteio-Colosso,5756,1289,D,8,NA,NA,NA,NA,NA,NA,NA,NA,NA,NA,NA,NA,NA,NA,NA,NA,NA,NA,NA,NA,1,6,0,1
Esteio-Colosso,5756,35,B,1,3,70,1,NA,4,76,0,NA,3,65,0,NA,3,92,0,NA,3,61,0,NA,4,53,0,NA
Esteio-Colosso,5756,369,A,5,3,17,0,NA,1,24,0,NA,4,28,0,NA,2,26,0,NA,4,25,0,NA,3,20,0,NA
Esteio-Colosso,5756,129,A,3,2,20,0,NA,3,20,0,NA,3,29,0,NA,4,25,0,NA,4,49,0,NA,2,36,0,NA
Esteio-Colosso,5756,732,B,1,NA,NA,NA,NA,NA,NA,NA,NA,1,9,0,1,1,6,0,NA,1,11,0,NA,1,9,0,NA
Esteio-Colosso,5756,1269,D,7,NA,NA,NA,NA,NA,NA,NA,NA,NA,NA,NA,NA,NA,NA,NA,NA,NA,NA,NA,NA,1,6,0,1
Esteio-Colosso,5756,373,E,5,1,7,0,NA,NA,NA,NA,2,NA,NA,NA,NA,NA,NA,NA,NA,NA,NA,NA,NA,NA,NA,NA,NA
Esteio-Colosso,5756,1655,B,8,NA,NA,NA,NA,NA,NA,NA,NA,NA,NA,NA,NA,NA,NA,NA,NA,NA,NA,NA,NA,NA,NA,NA,NA
Esteio-Colosso,5756,835,A,4,NA,NA,NA,NA,NA,NA,NA,NA,1,6,0,1,1,5,0,NA,NA,NA,NA,2,NA,NA,NA,NA
Esteio-Colosso,5756,687,A,1,NA,NA,NA,NA,3,28,0,3,2,32,0,NA,3,30,0,NA,2,27,0,NA,3,26,0,NA
Esteio-Colosso,5756,1273,E,7,NA,NA,NA,NA,NA,NA,NA,NA,NA,NA,NA,NA,NA,NA,NA,NA,NA,NA,NA,NA,1,11,0,1
Esteio-Colosso,5756,108,D,8,6,90,0,NA,7,69,0,NA,10,55,0,NA,4,68,0,NA,4,58,0,NA,6,50,0,NA
Esteio-Colosso,5756,662,E,3,4,39,0,NA,5,54,0,NA,5,48,0,NA,5,61,0,NA,5,57,0,NA,4,60,0,NA
Esteio-Colosso,5756,232,E,1,4,50,0,NA,4,45,0,NA,4,43,0,NA,4,40,0,NA,4,37,0,NA,3,36,0,NA
Esteio-Colosso,5756,1651,A,4,NA,NA,NA,NA,NA,NA,NA,NA,NA,NA,NA,NA,NA,NA,NA,NA,NA,NA,NA,NA,NA,NA,NA,NA
Esteio-Colosso,5756,949,A,8,4,85,1,NA,3,50,0,NA,1,57,0,NA,1,23,0,NA,5,35,0,NA,4,29,0,NA
Esteio-Colosso,5756,1293,B,8,NA,NA,NA,NA,NA,NA,NA,NA,NA,NA,NA,NA,NA,NA,NA,NA,NA,NA,NA,NA,NA,NA,NA,NA
Esteio-Colosso,5756,1212,A,5,NA,NA,NA,NA,NA,NA,NA,NA,NA,NA,NA,NA,NA,NA,NA,NA,1,9,0,1,1,4,0,NA
Esteio-Colosso,5756,404,B,6,1,19,0,NA,1,16,0,NA,2,16,0,NA,2,20,0,NA,2,19,0,NA,2,8,0,NA
Esteio-Colosso,5756,50,A,2,2,85,0,NA,2,78,0,NA,2,62,0,NA,4,49,0,NA,4,53,0,NA,2,58,0,NA
Esteio-Colosso,5756,1672,A,9,NA,NA,NA,NA,NA,NA,NA,NA,NA,NA,NA,NA,NA,NA,NA,NA,NA,NA,NA,NA,NA,NA,NA,NA
Esteio-Colosso,5756,1757,E,7,NA,NA,NA,NA,NA,NA,NA,NA,NA,NA,NA,NA,NA,NA,NA,NA,NA,NA,NA,NA,NA,NA,NA,NA
Esteio-Colosso,5756,1791,E,5,NA,NA,NA,NA,NA,NA,NA,NA,NA,NA,NA,NA,NA,NA,NA,NA,NA,NA,NA,NA,NA,NA,NA,NA
Esteio-Colosso,5756,256,E,1,2,50,0,NA,3,52,0,NA,3,56,0,NA,3,57,0,NA,2,60,0,NA,2,29,0,NA
Esteio-Colosso,5756,612,E,3,2,32,0,NA,3,32,0,NA,2,31,0,NA,2,21,0,NA,2,30,0,NA,1,12,0,NA
Esteio-Colosso,5756,797,A,3,NA,NA,NA,NA,NA,NA,NA,NA,1,8,0,1,1,10,0,NA,1,6,0,NA,1,6,0,NA
Esteio-Colosso,5756,1719,C,2,NA,NA,NA,NA,NA,NA,NA,NA,NA,NA,NA,NA,NA,NA,NA,NA,NA,NA,NA,NA,NA,NA,NA,NA
Esteio-Colosso,5756,1260,B,8,NA,NA,NA,NA,NA,NA,NA,NA,NA,NA,NA,NA,NA,NA,NA,NA,NA,NA,NA,NA,1,12,0,1
Esteio-Colosso,5756,632,D,2,NA,NA,NA,NA,3,18,0,3,3,20,0,NA,2,29,0,NA,3,38,0,NA,2,30,0,NA
Esteio-Colosso,5756,228,C,2,2,22,0,NA,4,22,0,NA,4,25,0,NA,3,25,0,NA,2,30,0,NA,3,25,0,NA
Esteio-Colosso,5756,156,C,2,2,32,0,NA,3,30,0,NA,4,34,0,NA,3,38,0,NA,3,38,0,NA,3,15,0,NA
Esteio-Colosso,5756,465,C,8,2,56,0,NA,1,21,0,NA,2,34,0,NA,3,63,0,NA,6,110,0,NA,4,65,0,NA
Esteio-Colosso,5756,176,D,1,1,10,0,NA,1,14,0,NA,1,15,0,NA,NA,NA,NA,60,1,14,0,NA,1,12,0,NA
Esteio-Colosso,5756,1250,B,8,NA,NA,NA,NA,NA,NA,NA,NA,NA,NA,NA,NA,NA,NA,NA,NA,NA,NA,NA,NA,NA,NA,NA,NA
Esteio-Colosso,5756,264,C,3,3,52,0,NA,3,49,0,NA,4,55,0,NA,4,44,0,NA,4,45,0,NA,3,36,0,NA
Esteio-Colosso,5756,876,A,6,NA,NA,NA,NA,NA,NA,NA,NA,1,10,0,1,2,8,0,NA,1,16,0,NA,1,14,0,NA
Esteio-Colosso,5756,668,C,1,1,32,0,NA,2,38,0,NA,4,36,0,NA,4,38,0,NA,6,64,0,NA,4,72,0,NA
Esteio-Colosso,5756,1731,A,2,NA,NA,NA,NA,NA,NA,NA,NA,NA,NA,NA,NA,NA,NA,NA,NA,NA,NA,NA,NA,NA,NA,NA,NA
Esteio-Colosso,5756,218,A,2,2,20,0,NA,3,42,0,NA,3,39,0,NA,2,43,0,NA,3,43,0,NA,2,36,0,NA
Esteio-Colosso,5756,1666,C,1,NA,NA,NA,NA,NA,NA,NA,NA,NA,NA,NA,NA,NA,NA,NA,NA,NA,NA,NA,NA,NA,NA,NA,NA
Esteio-Colosso,5756,21,A,2,2,110,2,NA,7,123,1,NA,7,102,0,NA,8,89,1,NA,3,145,0,NA,3,165,2,NA
Esteio-Colosso,5756,268,D,4,2,19,0,NA,NA,NA,NA,2,NA,NA,NA,NA,NA,NA,NA,NA,NA,NA,NA,NA,NA,NA,NA,NA
Esteio-Colosso,5756,749,E,7,NA,NA,NA,NA,3,58,0,3,3,49,0,NA,4,55,0,NA,3,58,0,NA,3,27,0,NA
Esteio-Colosso,5756,450,E,7,1,22,0,NA,2,31,0,NA,2,25,0,NA,2,24,0,NA,1,29,0,90,1,20,0,NA
Esteio-Colosso,5756,903,A,4,NA,NA,NA,NA,NA,NA,NA,NA,NA,NA,NA,NA,1,13,0,1,1,13,0,NA,1,10,0,NA
Esteio-Colosso,5756,888,B,8,NA,NA,NA,NA,NA,NA,NA,NA,NA,NA,NA,NA,NA,NA,NA,NA,1,22,0,3,1,19,0,NA
Esteio-Colosso,5756,956,A,8,3,65,0,NA,2,70,0,NA,5,60,0,NA,7,53,1,NA,5,73,0,NA,3,85,1,NA
Esteio-Colosso,5756,1745,D,1,NA,NA,NA,NA,NA,NA,NA,NA,NA,NA,NA,NA,NA,NA,NA,NA,NA,NA,NA,NA,NA,NA,NA,NA
Esteio-Colosso,5756,1237,A,2,NA,NA,NA,NA,NA,NA,NA,NA,NA,NA,NA,NA,NA,NA,NA,NA,NA,NA,NA,NA,1,5,0,1
Esteio-Colosso,5756,1637,D,9,NA,NA,NA,NA,NA,NA,NA,NA,NA,NA,NA,NA,NA,NA,NA,NA,NA,NA,NA,NA,NA,NA,NA,NA
Esteio-Colosso,5756,2231,C,10,NA,NA,NA,NA,NA,NA,NA,NA,NA,NA,NA,NA,NA,NA,NA,NA,NA,NA,NA,NA,NA,NA,NA,NA
Esteio-Colosso,5756,37,D,3,4,90,0,NA,2,61,0,NA,2,54,0,NA,3,53,0,NA,5,60,0,90,3,49,0,NA
Esteio-Colosso,5756,566,B,4,NA,NA,NA,NA,1,6,0,1,1,6,0,NA,1,9,0,NA,1,10,0,NA,1,10,0,NA
Esteio-Colosso,5756,2285,A,2,NA,NA,NA,NA,NA,NA,NA,NA,NA,NA,NA,NA,NA,NA,NA,NA,NA,NA,NA,NA,NA,NA,NA,NA
Esteio-Colosso,5756,341,E,5,2,14,0,NA,1,22,0,NA,1,22,0,NA,1,4,0,NA,1,10,0,NA,NA,NA,NA,2
Esteio-Colosso,5756,58,D,3,3,70,0,NA,4,60,0,NA,3,52,0,NA,3,57,0,NA,4,61,0,NA,4,70,1,NA
Esteio-Colosso,5756,793,A,7,NA,NA,NA,NA,NA,NA,NA,NA,1,11,0,1,1,13,0,NA,2,17,0,NA,2,22,0,NA
Esteio-Colosso,5756,289,A,3,4,33,0,NA,6,32,0,NA,6,47,0,NA,6,45,0,NA,7,47,0,90,5,40,0,NA
Esteio-Colosso,5756,323,B,3,3,74,0,NA,5,71,0,NA,4,75,0,NA,3,76,1,NA,4,95,0,NA,5,63,1,NA
Esteio-Colosso,5756,79,B,5,1,85,1,NA,3,82,1,NA,3,79,0,NA,3,80,0,NA,3,78,0,NA,5,85,0,NA
Esteio-Colosso,5756,1704,E,1,NA,NA,NA,NA,NA,NA,NA,NA,NA,NA,NA,NA,NA,NA,NA,NA,NA,NA,NA,NA,NA,NA,NA,NA
Esteio-Colosso,5756,573,C,9,NA,NA,NA,NA,3,30,0,3,2,38,0,NA,3,29,0,NA,2,40,0,NA,2,27,0,NA
Esteio-Colosso,5756,216,E,1,2,18,0,NA,1,20,0,NA,2,24,0,NA,2,23,0,NA,3,23,0,NA,2,15,0,NA
Esteio-Colosso,5756,830,A,4,NA,NA,NA,NA,NA,NA,NA,NA,1,11,0,1,1,12,0,NA,1,17,0,NA,2,12,0,NA
Esteio-Colosso,5756,539,B,5,1,8,0,NA,1,8,0,NA,1,11,0,NA,1,9,0,NA,2,19,0,NA,2,19,0,NA
Esteio-Colosso,5756,896,A,9,NA,NA,NA,NA,NA,NA,NA,NA,NA,NA,NA,NA,NA,NA,NA,NA,3,19,0,1,3,14,0,NA
Esteio-Colosso,5756,193,A,3,1,16,0,NA,2,15,0,NA,2,28,0,NA,3,29,0,NA,4,36,0,90,2,38,0,NA
Esteio-Colosso,5756,283,C,3,4,29,0,NA,3,40,0,NA,2,29,0,NA,4,35,0,NA,3,40,0,NA,3,37,0,NA
Esteio-Colosso,5756,953,D,9,NA,NA,NA,NA,NA,NA,NA,NA,NA,NA,NA,NA,NA,NA,NA,NA,1,16,0,1,2,25,0,NA
Esteio-Colosso,5756,521,D,9,4,48,0,NA,2,52,0,NA,2,72,0,NA,1,56,0,NA,2,54,0,NA,2,56,0,NA
Esteio-Colosso,5756,861,B,6,NA,NA,NA,NA,NA,NA,NA,NA,1,11,0,1,1,10,0,NA,1,13,0,NA,1,8,0,NA
Esteio-Colosso,5756,387,B,5,3,40,0,NA,4,30,0,NA,4,32,0,NA,3,39,0,NA,5,46,0,NA,2,32,0,NA
Esteio-Colosso,5756,143,A,4,1,18,0,NA,2,22,0,NA,3,29,0,NA,3,30,0,NA,1,31,0,NA,2,29,0,NA
Esteio-Colosso,5756,2290,D,7,NA,NA,NA,NA,NA,NA,NA,NA,NA,NA,NA,NA,NA,NA,NA,NA,NA,NA,NA,NA,NA,NA,NA,NA
Esteio-Colosso,5756,302,A,8,5,47,0,NA,4,42,0,NA,4,29,0,NA,5,60,0,NA,6,61,0,NA,7,65,0,NA
Esteio-Colosso,5756,321,A,6,2,30,0,NA,2,28,0,NA,3,29,0,NA,3,36,0,NA,4,48,0,NA,5,41,1,NA
Esteio-Colosso,Florestal,428,D,2,6,110,0,NA,3,56,0,NA,3,53,0,NA,NA,NA,NA,60,NA,NA,NA,60,NA,NA,NA,60
Esteio-Colosso,Florestal,651,C,4,NA,NA,NA,NA,3,71,0,NA,5,68,0,NA,1,77,1,NA,3,76,0,NA,3,52,1,NA
Esteio-Colosso,Florestal,534,E,2,7,88,0,NA,4,92,0,NA,3,63,0,NA,4,56,0,NA,6,51,0,NA,5,83,0,NA
Esteio-Colosso,Florestal,480,D,1,3,15,0,NA,1,11,0,NA,2,11,0,NA,1,13,0,NA,NA,NA,NA,60,NA,NA,NA,60
Esteio-Colosso,Florestal,1160,D,1,NA,NA,NA,NA,NA,NA,NA,NA,NA,NA,NA,NA,NA,NA,NA,NA,1,11,0,1,1,7,0,NA
Esteio-Colosso,Florestal,1485,E,7,NA,NA,NA,NA,NA,NA,NA,NA,NA,NA,NA,NA,NA,NA,NA,NA,NA,NA,NA,NA,NA,NA,NA,NA
Esteio-Colosso,Florestal,1481,C,6,NA,NA,NA,NA,NA,NA,NA,NA,NA,NA,NA,NA,NA,NA,NA,NA,NA,NA,NA,NA,NA,NA,NA,NA
Esteio-Colosso,Florestal,565,E,2,2,40,0,NA,3,38,0,NA,2,37,0,NA,4,39,0,NA,4,42,0,NA,4,35,0,NA
Esteio-Colosso,Florestal,511,E,3,5,93,1,NA,2,48,0,NA,5,76,0,NA,3,69,0,NA,5,63,0,NA,4,59,0,NA
Esteio-Colosso,Florestal,329,E,4,2,36,0,NA,3,40,0,NA,3,50,0,NA,3,53,0,NA,4,51,0,NA,3,36,0,NA
Esteio-Colosso,Florestal,544,E,2,1,67,0,NA,4,60,0,NA,3,63,0,NA,8,63,0,NA,9,61,0,NA,7,78,0,NA
Esteio-Colosso,Florestal,1212,B,3,NA,NA,NA,NA,NA,NA,NA,NA,NA,NA,NA,NA,NA,NA,NA,NA,NA,NA,NA,NA,NA,NA,NA,NA
Esteio-Colosso,Florestal,875,A,3,NA,NA,NA,NA,NA,NA,NA,NA,NA,NA,NA,NA,1,11,0,1,NA,NA,NA,60,1,20,0,NA
Esteio-Colosso,Florestal,442,D,4,3,51,0,NA,2,52,0,NA,2,54,0,NA,4,51,0,NA,4,58,0,NA,4,58,0,NA
Esteio-Colosso,Florestal,1050,D,1,NA,NA,NA,NA,NA,NA,NA,NA,NA,NA,NA,NA,1,8,0,1,1,10,0,NA,2,20,0,NA
Esteio-Colosso,Florestal,1926,C,6,NA,NA,NA,NA,NA,NA,NA,NA,NA,NA,NA,NA,NA,NA,NA,NA,NA,NA,NA,NA,NA,NA,NA,NA
Esteio-Colosso,Florestal,1097,B,2,NA,NA,NA,NA,NA,NA,NA,NA,NA,NA,NA,NA,1,4,0,1,1,9,0,NA,1,3,0,NA
Esteio-Colosso,Florestal,740,A,9,NA,NA,NA,NA,NA,NA,NA,NA,1,8,0,1,1,9,0,NA,1,3,0,NA,NA,NA,NA,2
Esteio-Colosso,Florestal,982,B,1,NA,NA,NA,NA,NA,NA,NA,NA,NA,NA,NA,NA,1,5,0,1,3,6,0,NA,1,9,0,NA
Esteio-Colosso,Florestal,1543,E,7,NA,NA,NA,NA,NA,NA,NA,NA,NA,NA,NA,NA,NA,NA,NA,NA,NA,NA,NA,NA,8,88,0,50
Esteio-Colosso,Florestal,248,B,9,5,70,0,NA,6,67,0,NA,6,78,1,NA,8,76,1,NA,9,61,0,NA,10,53,2,NA
Esteio-Colosso,Florestal,853,B,8,NA,NA,NA,NA,NA,NA,NA,NA,1,7,0,1,1,7,0,NA,1,9,0,NA,1,5,0,NA
Esteio-Colosso,Florestal,532,E,3,5,100,0,NA,3,109,0,NA,7,110,0,80,5,107,2,NA,7,100,0,NA,5,88,3,NA
Esteio-Colosso,Florestal,183,B,2,2,26,0,NA,2,24,0,NA,3,26,0,NA,2,38,0,NA,3,30,0,NA,2,36,0,NA
Esteio-Colosso,Florestal,331,C,6,2,97,1,NA,1,79,1,NA,1,71,0,NA,1,52,0,NA,3,55,0,NA,3,70,0,NA
Esteio-Colosso,Florestal,363,D,6,2,31,0,NA,2,35,0,NA,4,32,0,NA,1,9,0,90,NA,NA,NA,2,NA,NA,NA,NA
Esteio-Colosso,Florestal,1563,D,8,NA,NA,NA,NA,NA,NA,NA,NA,NA,NA,NA,NA,NA,NA,NA,NA,NA,NA,NA,NA,1,12,0,NA
Esteio-Colosso,Florestal,713,D,4,NA,NA,NA,NA,2,11,0,3,1,14,0,NA,1,15,0,NA,1,15,0,NA,2,12,0,NA
Esteio-Colosso,Florestal,1127,E,7,NA,NA,NA,NA,NA,NA,NA,NA,NA,NA,NA,NA,NA,NA,NA,NA,1,4,0,1,NA,NA,NA,2
Esteio-Colosso,Florestal,1023,D,7,NA,NA,NA,NA,NA,NA,NA,NA,NA,NA,NA,NA,1,15,0,1,1,17,0,NA,NA,NA,NA,2
Esteio-Colosso,Florestal,687,C,8,NA,NA,NA,NA,1,14,0,3,1,14,0,NA,1,18,0,NA,1,20,0,NA,1,18,0,NA
Esteio-Colosso,Florestal,356,C,7,1,26,0,NA,2,26,0,NA,2,66,0,NA,1,31,0,NA,2,26,0,90,1,1,0,NA
Esteio-Colosso,Florestal,771,A,1,NA,NA,NA,NA,NA,NA,NA,NA,1,4,0,1,1,13,0,NA,1,6,0,NA,NA,NA,NA,2
Esteio-Colosso,Florestal,649,C,2,NA,NA,NA,NA,1,10,0,3,1,14,0,NA,1,20,0,NA,NA,NA,NA,60,NA,NA,NA,60
Esteio-Colosso,Florestal,1020,E,7,NA,NA,NA,NA,NA,NA,NA,NA,NA,NA,NA,NA,1,17,0,1,1,22,0,NA,1,18,0,NA
Esteio-Colosso,Florestal,891,A,3,NA,NA,NA,NA,NA,NA,NA,NA,NA,NA,NA,NA,2,16,0,1,4,47,0,NA,4,51,0,NA
Esteio-Colosso,Florestal,550,D,4,3,58,0,NA,3,56,0,NA,3,36,0,NA,2,28,0,NA,4,40,0,NA,3,39,0,NA
Esteio-Colosso,Florestal,358,D,6,5,78,0,NA,6,68,1,NA,5,76,0,NA,4,96,0,NA,6,88,0,NA,1,79,0,NA
Esteio-Colosso,Florestal,244,B,6,3,41,0,NA,3,61,0,NA,3,66,0,NA,5,61,0,NA,5,66,0,NA,4,85,0,NA
Esteio-Colosso,Florestal,993,A,1,NA,NA,NA,NA,NA,NA,NA,NA,NA,NA,NA,NA,2,11,0,50,5,22,0,NA,3,24,0,NA
Esteio-Colosso,Florestal,1456,B,4,NA,NA,NA,NA,NA,NA,NA,NA,NA,NA,NA,NA,NA,NA,NA,NA,NA,NA,NA,NA,NA,NA,NA,NA
Esteio-Colosso,Florestal,13,A,2,2,27,0,NA,2,19,0,NA,5,32,0,NA,7,56,1,NA,13,58,0,NA,9,91,4,NA
Esteio-Colosso,Florestal,201,C,5,5,134,1,NA,7,136,0,NA,10,120,0,NA,NA,1,1,NA,4,110,0,NA,3,120,0,NA
Esteio-Colosso,Florestal,245,B,10,2,39,0,NA,2,45,0,NA,4,61,0,NA,6,62,0,NA,4,46,0,NA,3,85,0,NA
Esteio-Colosso,Florestal,1402,E,3,NA,NA,NA,NA,NA,NA,NA,NA,NA,NA,NA,NA,NA,NA,NA,NA,1,16,0,1,1,14,0,NA
Esteio-Colosso,Florestal,1592,A,10,NA,NA,NA,NA,NA,NA,NA,NA,NA,NA,NA,NA,NA,NA,NA,NA,NA,NA,NA,NA,NA,NA,NA,NA
Esteio-Colosso,Florestal,1907,A,5,NA,NA,NA,NA,NA,NA,NA,NA,NA,NA,NA,NA,NA,NA,NA,NA,NA,NA,NA,NA,NA,NA,NA,NA
Esteio-Colosso,Florestal,966,A,4,NA,NA,NA,NA,NA,NA,NA,NA,NA,NA,NA,NA,1,11,0,1,2,16,0,NA,2,20,0,NA
Esteio-Colosso,Florestal,449,D,4,3,47,0,NA,2,54,0,NA,2,57,0,NA,1,37,0,NA,2,50,0,NA,2,35,0,NA
Esteio-Colosso,Florestal,879,A,1,NA,NA,NA,NA,NA,NA,NA,NA,NA,NA,NA,NA,1,12,0,1,2,16,0,NA,2,15,0,NA
Esteio-Colosso,Florestal,592,D,5,3,23,0,NA,2,28,0,NA,3,21,0,NA,1,31,0,NA,2,24,0,NA,1,10,0,NA
Esteio-Colosso,Florestal,1972,B,8,NA,NA,NA,NA,NA,NA,NA,NA,NA,NA,NA,NA,NA,NA,NA,NA,NA,NA,NA,NA,NA,NA,NA,NA
Esteio-Colosso,Florestal,1465,A,5,NA,NA,NA,NA,NA,NA,NA,NA,NA,NA,NA,NA,NA,NA,NA,NA,NA,NA,NA,NA,NA,NA,NA,NA
Esteio-Colosso,Florestal,1016,E,1,NA,NA,NA,NA,NA,NA,NA,NA,NA,NA,NA,NA,1,10,0,1,2,28,0,NA,3,21,0,NA
Esteio-Colosso,Florestal,1586,A,3,NA,NA,NA,NA,NA,NA,NA,NA,NA,NA,NA,NA,NA,NA,NA,NA,NA,NA,NA,NA,NA,NA,NA,NA
Esteio-Colosso,Florestal,1125,B,3,NA,NA,NA,NA,NA,NA,NA,NA,NA,NA,NA,NA,NA,NA,NA,NA,2,25,0,3,2,26,0,NA
Esteio-Colosso,Florestal,496,D,4,3,42,0,NA,2,40,0,NA,3,36,0,NA,4,40,0,NA,1,14,0,NA,1,10,0,NA
Esteio-Colosso,Florestal,309,E,1,3,12,0,NA,1,9,0,NA,1,15,0,NA,2,15,0,NA,4,47,0,NA,2,52,0,NA
Esteio-Colosso,Florestal,1186,D,3,NA,NA,NA,NA,NA,NA,NA,NA,NA,NA,NA,NA,NA,NA,NA,NA,1,9,0,1,1,8,0,NA
Esteio-Colosso,Florestal,899,E,2,NA,NA,NA,NA,NA,NA,NA,NA,1,4,0,1,NA,NA,NA,2,NA,NA,NA,NA,NA,NA,NA,NA
Esteio-Colosso,Florestal,964,A,3,NA,NA,NA,NA,NA,NA,NA,NA,NA,NA,NA,NA,1,45,0,50,5,33,0,NA,12,50,0,NA
Esteio-Colosso,Florestal,570,C,7,3,60,0,NA,3,51,0,NA,5,64,0,NA,4,54,0,NA,5,59,0,NA,3,75,0,NA
Esteio-Colosso,Florestal,439,D,3,5,75,1,NA,5,78,0,NA,4,62,0,NA,6,74,1,NA,8,97,0,NA,6,85,1,NA
Esteio-Colosso,Florestal,117,A,9,5,79,0,NA,4,100,0,NA,5,102,1,NA,5,97,0,NA,5,97,0,NA,2,105,0,NA
Esteio-Colosso,Florestal,1149,A,2,NA,NA,NA,NA,NA,NA,NA,NA,NA,NA,NA,NA,NA,NA,NA,NA,2,10,0,50,6,48,0,NA
Esteio-Colosso,Florestal,1223,B,5,NA,NA,NA,NA,NA,NA,NA,NA,NA,NA,NA,NA,NA,NA,NA,NA,NA,NA,NA,NA,NA,NA,NA,NA
Esteio-Colosso,Florestal,1039,C,3,2,42,0,NA,NA,NA,NA,60,NA,NA,NA,60,2,59,0,NA,2,59,0,NA,3,53,0,NA
Esteio-Colosso,Florestal,559,C,7,4,53,0,NA,1,45,0,NA,2,54,0,NA,2,46,0,NA,1,36,0,NA,2,37,0,NA
Esteio-Colosso,Florestal,1974,E,2,NA,NA,NA,NA,NA,NA,NA,NA,NA,NA,NA,NA,NA,NA,NA,NA,NA,NA,NA,NA,NA,NA,NA,NA
Esteio-Colosso,Florestal,486,D,7,13,125,1,NA,11,103,1,NA,7,129,0,NA,8,87,0,NA,6,96,0,NA,6,65,0,NA
Esteio-Colosso,Florestal,1913,A,3,NA,NA,NA,NA,NA,NA,NA,NA,NA,NA,NA,NA,NA,NA,NA,NA,NA,NA,NA,NA,NA,NA,NA,NA
Esteio-Colosso,Florestal,462,E,6,7,105,1,NA,9,91,1,NA,7,91,1,NA,10,100,1,NA,11,103,1,NA,10,117,1,NA
Esteio-Colosso,Florestal,646,A,1,NA,NA,NA,NA,NA,NA,NA,NA,1,4,0,1,1,10,0,NA,NA,NA,NA,60,2,19,0,NA
Esteio-Colosso,Florestal,1971,B,9,NA,NA,NA,NA,NA,NA,NA,NA,NA,NA,NA,NA,NA,NA,NA,NA,NA,NA,NA,NA,NA,NA,NA,NA
Esteio-Colosso,Florestal,1522,C,6,NA,NA,NA,NA,NA,NA,NA,NA,NA,NA,NA,NA,NA,NA,NA,NA,NA,NA,NA,NA,5,38,0,NA
Esteio-Colosso,Florestal,297,C,3,NA,NA,NA,NA,2,35,0,NA,1,19,0,NA,NA,NA,NA,60,2,16,0,NA,2,12,0,NA
Esteio-Colosso,Florestal,1109,A,2,NA,NA,NA,NA,NA,NA,NA,NA,NA,NA,NA,NA,NA,NA,NA,NA,1,20,0,3,2,34,0,NA
Esteio-Colosso,Florestal,4,A,7,2,19,0,NA,1,18,0,NA,2,21,0,NA,1,19,0,NA,2,19,0,NA,2,21,0,NA
Esteio-Colosso,Florestal,377,E,3,2,38,0,NA,3,35,0,NA,3,42,0,NA,3,56,0,NA,4,66,0,NA,2,60,0,NA
Esteio-Colosso,Florestal,42,A,4,3,50,0,NA,4,57,0,NA,5,64,0,NA,6,66,2,NA,7,93,1,NA,6,95,1,NA
Esteio-Colosso,Florestal,1114,D,2,NA,NA,NA,NA,NA,NA,NA,NA,NA,NA,NA,NA,NA,NA,NA,NA,1,12,0,1,1,9,0,NA
Esteio-Colosso,Florestal,955,A,9,NA,NA,NA,NA,NA,NA,NA,NA,NA,NA,NA,NA,1,11,0,1,1,13,0,NA,1,20,0,NA
Esteio-Colosso,Florestal,401,D,2,3,52,0,NA,2,28,0,NA,2,34,0,NA,3,37,0,NA,4,41,0,NA,4,40,0,NA
Esteio-Colosso,Florestal,1441,A,2,NA,NA,NA,NA,NA,NA,NA,NA,NA,NA,NA,NA,NA,NA,NA,NA,NA,NA,NA,NA,NA,NA,NA,NA
Esteio-Colosso,Florestal,1403,E,1,NA,NA,NA,NA,NA,NA,NA,NA,NA,NA,NA,NA,NA,NA,NA,NA,1,17,0,3,1,8,0,NA
Esteio-Colosso,Florestal,97,B,2,1,18,0,NA,1,24,0,NA,2,20,0,NA,4,30,0,NA,5,43,0,NA,6,48,0,NA
Esteio-Colosso,Florestal,855,B,2,NA,NA,NA,NA,NA,NA,NA,NA,1,4,0,1,2,20,0,NA,NA,NA,NA,60,NA,NA,NA,60
Esteio-Colosso,Florestal,1188,E,2,NA,NA,NA,NA,NA,NA,NA,NA,NA,NA,NA,NA,NA,NA,NA,NA,1,14,0,1,1,10,0,NA
Esteio-Colosso,Florestal,304,E,6,4,68,0,NA,4,70,0,NA,3,81,0,NA,3,84,1,NA,4,100,0,NA,4,80,1,NA
Esteio-Colosso,Florestal,137,C,6,4,97,0,NA,3,134,0,NA,3,142,0,NA,2,79,1,NA,2,71,0,NA,3,64,0,NA
Esteio-Colosso,Florestal,1445,A,2,NA,NA,NA,NA,NA,NA,NA,NA,NA,NA,NA,NA,NA,NA,NA,NA,NA,NA,NA,NA,NA,NA,NA,NA
Esteio-Colosso,Florestal,795,A,1,NA,NA,NA,NA,NA,NA,NA,NA,1,6,0,1,NA,NA,NA,60,2,44,0,NA,3,45,0,NA
Esteio-Colosso,Florestal,1193,B,8,NA,NA,NA,NA,NA,NA,NA,NA,NA,NA,NA,NA,NA,NA,NA,NA,1,3,0,1,1,10,0,NA
Esteio-Colosso,Florestal,1903,B,2,NA,NA,NA,NA,NA,NA,NA,NA,NA,NA,NA,NA,NA,NA,NA,NA,NA,NA,NA,NA,NA,NA,NA,NA
Esteio-Colosso,Florestal,1472,B,5,NA,NA,NA,NA,NA,NA,NA,NA,NA,NA,NA,NA,NA,NA,NA,NA,NA,NA,NA,NA,NA,NA,NA,NA
Esteio-Colosso,Florestal,979,A,2,NA,NA,NA,NA,NA,NA,NA,NA,NA,NA,NA,NA,1,19,0,1,2,30,0,NA,3,17,0,NA
Esteio-Colosso,Florestal,970,B,3,NA,NA,NA,NA,NA,NA,NA,NA,NA,NA,NA,NA,NA,NA,NA,NA,1,15,0,1,1,10,0,NA
Esteio-Colosso,Florestal,644,B,6,NA,NA,NA,NA,1,31,0,3,1,31,0,NA,1,44,0,NA,3,28,0,NA,2,33,0,NA
Esteio-Colosso,Florestal,169,A,6,1,17,0,NA,1,18,0,NA,1,24,0,NA,1,26,0,NA,2,22,0,NA,2,20,0,NA
Esteio-Colosso,Florestal,617,B,5,NA,NA,NA,NA,1,10,0,1,1,8,0,NA,1,12,0,NA,1,13,0,NA,1,9,0,NA
Esteio-Colosso,Florestal,1937,E,3,NA,NA,NA,NA,NA,NA,NA,NA,NA,NA,NA,NA,NA,NA,NA,NA,NA,NA,NA,NA,NA,NA,NA,NA
Esteio-Colosso,Florestal,1421,E,1,NA,NA,NA,NA,NA,NA,NA,NA,NA,NA,NA,NA,NA,NA,NA,NA,2,34,0,3,2,26,0,NA
Esteio-Colosso,Florestal,1983,A,4,NA,NA,NA,NA,NA,NA,NA,NA,NA,NA,NA,NA,NA,NA,NA,NA,NA,NA,NA,NA,NA,NA,NA,NA
Esteio-Colosso,Florestal,1945,A,4,NA,NA,NA,NA,NA,NA,NA,NA,NA,NA,NA,NA,NA,NA,NA,NA,NA,NA,NA,NA,NA,NA,NA,NA
Esteio-Colosso,Florestal,1490,A,3,NA,NA,NA,NA,NA,NA,NA,NA,NA,NA,NA,NA,NA,NA,NA,NA,NA,NA,NA,NA,NA,NA,NA,NA
Esteio-Colosso,Florestal,959,A,1,NA,NA,NA,NA,NA,NA,NA,NA,NA,NA,NA,NA,1,8,0,1,1,14,0,NA,1,7,0,NA
Esteio-Colosso,Florestal,830,E,3,NA,NA,NA,NA,NA,NA,NA,NA,NA,NA,NA,NA,1,9,0,1,1,19,0,NA,1,16,0,NA
Esteio-Colosso,Florestal,438,D,3,5,105,0,NA,5,108,1,NA,6,104,0,NA,4,98,0,NA,6,100,0,NA,4,85,0,NA
Esteio-Colosso,Florestal,678,A,7,NA,NA,NA,NA,1,10,0,3,1,16,0,NA,1,16,0,NA,1,15,0,NA,1,6,0,NA
Esteio-Colosso,Florestal,182,A,6,2,37,0,NA,1,30,0,NA,2,30,0,NA,2,33,0,NA,2,38,0,NA,2,36,0,NA
Esteio-Colosso,Florestal,1021,E,1,NA,NA,NA,NA,NA,NA,NA,NA,NA,NA,NA,NA,1,9,0,1,2,15,0,NA,1,18,0,NA
Esteio-Colosso,Florestal,560,E,1,1,9,0,NA,1,14,0,NA,NA,NA,NA,60,NA,NA,NA,60,NA,NA,NA,60,NA,NA,NA,60
Esteio-Colosso,Florestal,1548,C,8,NA,NA,NA,NA,NA,NA,NA,NA,NA,NA,NA,NA,NA,NA,NA,NA,NA,NA,NA,NA,1,8,0,1
Esteio-Colosso,Florestal,296,C,4,3,46,0,NA,4,51,0,NA,6,70,0,NA,4,47,0,NA,4,68,0,NA,3,60,0,NA
Esteio-Colosso,Florestal,1979,E,1,NA,NA,NA,NA,NA,NA,NA,NA,NA,NA,NA,NA,NA,NA,NA,NA,NA,NA,NA,NA,NA,NA,NA,NA
Esteio-Colosso,Florestal,613,A,8,NA,NA,NA,NA,1,7,0,1,2,12,0,NA,2,12,0,NA,NA,NA,NA,60,NA,NA,NA,60
Esteio-Colosso,Florestal,620,B,4,NA,NA,NA,NA,1,16,0,3,1,9,0,NA,1,6,0,NA,1,13,0,NA,1,10,0,NA
Esteio-Colosso,Florestal,781,C,10,NA,NA,NA,NA,1,8,0,1,1,15,0,NA,1,15,0,NA,1,16,0,NA,2,12,0,NA
Esteio-Colosso,Florestal,1585,A,4,NA,NA,NA,NA,NA,NA,NA,NA,NA,NA,NA,NA,NA,NA,NA,NA,NA,NA,NA,NA,NA,NA,NA,NA
Esteio-Colosso,Florestal,241,B,6,3,98,0,NA,3,92,0,NA,NA,NA,NA,60,1,86,0,NA,1,85,0,NA,1,30,0,NA
Esteio-Colosso,Florestal,1982,A,4,NA,NA,NA,NA,NA,NA,NA,NA,NA,NA,NA,NA,NA,NA,NA,NA,NA,NA,NA,NA,NA,NA,NA,NA
Esteio-Colosso,Florestal,1028,D,2,NA,NA,NA,NA,NA,NA,NA,NA,NA,NA,NA,NA,NA,NA,NA,NA,2,9,0,40,1,8,0,NA
Esteio-Colosso,Florestal,1152,C,4,NA,NA,NA,NA,NA,NA,NA,NA,NA,NA,NA,NA,NA,NA,NA,NA,1,6,0,1,1,5,0,NA
Esteio-Colosso,Florestal,1151,D,2,NA,NA,NA,NA,NA,NA,NA,NA,NA,NA,NA,NA,NA,NA,NA,NA,2,8,0,1,1,10,0,NA
Esteio-Colosso,Florestal,116,A,5,3,10,0,NA,1,11,0,NA,1,13,0,NA,1,19,0,NA,2,18,0,NA,2,17,0,NA
Esteio-Colosso,Florestal,1236,A,1,NA,NA,NA,NA,NA,NA,NA,NA,NA,NA,NA,NA,NA,NA,NA,NA,NA,NA,NA,NA,NA,NA,NA,NA
Esteio-Colosso,Florestal,1433,E,2,NA,NA,NA,NA,NA,NA,NA,NA,NA,NA,NA,NA,NA,NA,NA,NA,1,8,0,1,NA,NA,NA,2
Esteio-Colosso,Florestal,1542,B,7,NA,NA,NA,NA,NA,NA,NA,NA,NA,NA,NA,NA,NA,NA,NA,NA,NA,NA,NA,NA,1,5,0,1
Esteio-Colosso,Florestal,647,B,5,NA,NA,NA,NA,1,8,0,1,NA,NA,NA,2,NA,NA,NA,NA,NA,NA,NA,NA,NA,NA,NA,NA
Esteio-Colosso,Florestal,1241,B,6,NA,NA,NA,NA,NA,NA,NA,NA,NA,NA,NA,NA,NA,NA,NA,NA,NA,NA,NA,NA,NA,NA,NA,NA
Esteio-Colosso,Florestal,517,E,7,5,60,0,NA,4,67,0,NA,5,62,0,NA,4,71,0,NA,2,42,0,NA,4,42,0,NA
Esteio-Colosso,Florestal,1589,A,2,NA,NA,NA,NA,NA,NA,NA,NA,NA,NA,NA,NA,NA,NA,NA,NA,NA,NA,NA,NA,NA,NA,NA,NA
Esteio-Colosso,Florestal,143,A,5,1,26,0,NA,1,26,0,NA,2,25,0,NA,1,28,0,NA,2,23,0,NA,1,15,0,NA
Esteio-Colosso,Florestal,1148,A,1,NA,NA,NA,NA,NA,NA,NA,NA,NA,NA,NA,NA,NA,NA,NA,NA,4,35,0,3,1,18,0,NA
Esteio-Colosso,Florestal,952,A,2,NA,NA,NA,NA,NA,NA,NA,NA,NA,NA,NA,NA,1,11,0,1,1,13,0,NA,2,13,0,NA
Esteio-Colosso,Florestal,416,D,5,3,16,0,NA,2,14,0,NA,NA,NA,NA,60,2,16,0,NA,2,16,0,NA,1,12,0,NA
Esteio-Colosso,Florestal,171,B,2,3,47,0,NA,3,46,0,NA,4,65,0,NA,11,60,1,NA,14,100,0,NA,11,143,2,NA
Esteio-Colosso,Florestal,1533,D,3,NA,NA,NA,NA,NA,NA,NA,NA,NA,NA,NA,NA,NA,NA,NA,NA,NA,NA,NA,NA,1,8,0,1
Esteio-Colosso,Florestal,1111,B,2,NA,NA,NA,NA,NA,NA,NA,NA,NA,NA,NA,NA,NA,NA,NA,NA,1,5,0,1,NA,NA,NA,2
Esteio-Colosso,Florestal,1112,B,9,NA,NA,NA,NA,NA,NA,NA,NA,NA,NA,NA,NA,NA,NA,NA,NA,1,6,0,1,1,5,0,NA
Esteio-Colosso,Florestal,1489,A,2,NA,NA,NA,NA,NA,NA,NA,NA,NA,NA,NA,NA,NA,NA,NA,NA,NA,NA,NA,NA,NA,NA,NA,NA
Esteio-Colosso,Florestal,1086,C,5,NA,NA,NA,NA,NA,NA,NA,NA,NA,NA,NA,NA,1,11,0,1,1,18,0,NA,1,10,0,NA
Esteio-Colosso,Florestal,1042,C,3,NA,NA,NA,NA,NA,NA,NA,NA,NA,NA,NA,NA,1,12,0,1,1,17,0,NA,1,17,0,NA
Esteio-Colosso,Florestal,997,A,3,NA,NA,NA,NA,NA,NA,NA,NA,NA,NA,NA,NA,1,7,0,1,1,17,0,NA,1,13,0,NA
Esteio-Colosso,Florestal,277,D,3,NA,NA,NA,NA,NA,NA,NA,NA,NA,NA,NA,NA,NA,NA,NA,NA,NA,NA,NA,NA,NA,NA,NA,NA
Esteio-Colosso,Florestal,1218,E,4,NA,NA,NA,NA,NA,NA,NA,NA,NA,NA,NA,NA,NA,NA,NA,NA,NA,NA,NA,NA,NA,NA,NA,NA
Esteio-Colosso,Florestal,826,A,1,NA,NA,NA,NA,NA,NA,NA,NA,1,9,0,1,1,16,0,NA,2,15,0,NA,2,12,0,NA
Esteio-Colosso,Florestal,1010,D,2,NA,NA,NA,NA,NA,NA,NA,NA,NA,NA,NA,NA,1,19,0,50,3,38,0,NA,2,38,0,NA
Esteio-Colosso,Florestal,1048,B,1,NA,NA,NA,NA,NA,NA,NA,NA,NA,NA,NA,NA,1,12,0,1,1,17,0,NA,1,16,0,NA
Esteio-Colosso,Florestal,395,D,5,3,30,0,NA,2,28,0,NA,2,22,0,NA,2,29,0,NA,3,26,0,NA,1,26,0,NA
Esteio-Colosso,Florestal,1126,D,3,NA,NA,NA,NA,NA,NA,NA,NA,NA,NA,NA,NA,NA,NA,NA,NA,1,14,0,1,1,13,0,NA
Esteio-Colosso,Florestal,1562,B,8,NA,NA,NA,NA,NA,NA,NA,NA,NA,NA,NA,NA,NA,NA,NA,NA,NA,NA,NA,NA,1,13,0,50
Esteio-Colosso,Florestal,1915,E,7,NA,NA,NA,NA,NA,NA,NA,NA,NA,NA,NA,NA,NA,NA,NA,NA,NA,NA,NA,NA,NA,NA,NA,NA
Esteio-Colosso,Florestal,1902,A,2,NA,NA,NA,NA,NA,NA,NA,NA,NA,NA,NA,NA,NA,NA,NA,NA,NA,NA,NA,NA,NA,NA,NA,NA
Esteio-Colosso,Florestal,1536,D,4,NA,NA,NA,NA,NA,NA,NA,NA,NA,NA,NA,NA,NA,NA,NA,NA,NA,NA,NA,NA,1,10,0,1
Esteio-Colosso,Florestal,100,B,3,2,40,0,NA,3,40,0,NA,6,40,0,NA,4,61,0,NA,5,61,0,NA,4,66,0,NA
Esteio-Colosso,Florestal,1980,E,2,NA,NA,NA,NA,NA,NA,NA,NA,NA,NA,NA,NA,NA,NA,NA,NA,NA,NA,NA,NA,NA,NA,NA,NA
Esteio-Colosso,Florestal,786,A,1,NA,NA,NA,NA,NA,NA,NA,NA,1,6,0,1,1,18,0,NA,2,26,0,NA,NA,NA,NA,2
PortoAlegre,5753,27,E,5,2,29,0,NA,2,30,0,NA,2,25,0,NA,1,26,0,NA,1,23,0,NA,1,21,0,NA
PortoAlegre,5753,85,E,10,1,37,0,NA,2,36,0,NA,2,43,0,NA,2,58,0,NA,3,44,0,NA,3,20,0,NA
PortoAlegre,5753,107,A,9,1,57,0,NA,1,35,0,NA,1,36,0,NA,1,30,0,NA,1,29,0,NA,2,19,0,NA
PortoAlegre,5753,49,B,6,3,31,0,NA,4,35,0,NA,4,32,0,NA,3,32,0,NA,3,39,0,NA,2,41,0,NA
PortoAlegre,5753,285,E,10,NA,NA,NA,NA,1,7,0,1,1,14,0,NA,2,15,0,NA,1,15,0,NA,1,14,0,NA
PortoAlegre,5753,2,E,5,2,32,0,NA,2,25,0,NA,2,24,0,NA,3,22,0,NA,2,18,0,NA,1,9,0,NA
PortoAlegre,5753,263,B,3,NA,NA,NA,NA,1,26,0,3,2,28,0,NA,2,29,0,NA,3,35,0,NA,3,35,0,NA
PortoAlegre,5753,164,D,3,3,21,0,NA,4,76,0,NA,5,78,0,NA,6,114,1,NA,4,54,0,NA,2,57,0,NA
PortoAlegre,5753,273,A,9,NA,NA,NA,NA,1,6,0,1,1,8,0,NA,1,27,0,NA,1,12,0,NA,3,78,0,NA
PortoAlegre,5753,97,B,10,3,58,0,NA,1,62,0,NA,2,65,0,NA,3,68,1,NA,1,36,0,NA,2,8,0,NA
PortoAlegre,5753,294,C,4,NA,NA,NA,NA,3,54,0,3,4,59,1,NA,4,74,1,NA,5,81,0,NA,3,54,0,NA
PortoAlegre,5753,320,A,5,NA,NA,NA,NA,NA,NA,NA,NA,NA,NA,NA,NA,NA,NA,NA,NA,NA,NA,NA,NA,NA,NA,NA,NA
PortoAlegre,5753,158,D,4,3,36,0,NA,3,48,0,NA,2,46,0,NA,3,39,0,NA,3,50,0,NA,3,47,0,NA
PortoAlegre,5753,276,B,3,NA,NA,NA,NA,1,10,0,3,1,14,0,NA,1,23,0,NA,2,17,0,NA,1,20,0,NA
PortoAlegre,5753,440,E,5,NA,NA,NA,NA,NA,NA,NA,NA,NA,NA,NA,NA,NA,NA,NA,NA,NA,NA,NA,NA,NA,NA,NA,NA
PortoAlegre,5753,406,E,2,NA,NA,NA,NA,NA,NA,NA,NA,NA,NA,NA,NA,NA,NA,NA,NA,NA,NA,NA,NA,NA,NA,NA,NA
PortoAlegre,5753,295,C,1,NA,NA,NA,NA,NA,NA,NA,NA,1,18,0,3,2,31,0,NA,6,41,0,NA,NA,NA,NA,60
PortoAlegre,5753,103,E,8,3,53,0,NA,3,48,0,NA,2,50,0,NA,2,45,0,NA,2,38,0,NA,2,45,0,NA
PortoAlegre,5753,278,C,8,NA,NA,NA,NA,1,20,0,3,1,20,0,NA,1,24,0,NA,3,18,0,NA,2,24,0,NA
PortoAlegre,5753,333,B,1,NA,NA,NA,NA,NA,NA,NA,NA,NA,NA,NA,NA,NA,NA,NA,NA,1,4,0,NA,4,50,0,NA
PortoAlegre,5753,171,A,10,NA,NA,NA,NA,1,36,0,3,1,35,0,NA,2,39,0,NA,4,47,0,NA,2,32,0,NA
PortoAlegre,5753,110,B,4,8,74,0,NA,6,86,0,NA,3,63,0,NA,3,85,0,NA,2,51,0,NA,2,63,0,NA
PortoAlegre,5753,283,E,5,NA,NA,NA,NA,1,21,0,3,1,21,0,NA,1,26,0,NA,1,8,0,NA,4,41,0,NA
PortoAlegre,5753,104,A,10,2,15,0,NA,1,11,0,NA,1,12,0,NA,2,14,0,NA,1,10,0,NA,1,10,0,NA
PortoAlegre,5753,409,E,2,NA,NA,NA,NA,NA,NA,NA,NA,NA,NA,NA,NA,NA,NA,NA,NA,NA,NA,NA,NA,NA,NA,NA,NA
PortoAlegre,5753,391,E,7,NA,NA,NA,NA,NA,NA,NA,NA,NA,NA,NA,NA,NA,NA,NA,NA,NA,NA,NA,NA,NA,NA,NA,NA
PortoAlegre,5753,433,E,8,NA,NA,NA,NA,NA,NA,NA,NA,NA,NA,NA,NA,NA,NA,NA,NA,NA,NA,NA,NA,NA,NA,NA,NA
PortoAlegre,5753,24,A,6,3,35,0,NA,1,35,0,NA,2,13,0,NA,2,16,0,NA,3,15,0,NA,3,15,0,NA
PortoAlegre,5753,258,A,3,2,48,0,NA,3,34,0,NA,2,22,0,NA,3,38,0,NA,3,43,0,NA,2,35,0,NA
PortoAlegre,5753,247,E,10,NA,NA,NA,NA,1,54,0,3,1,29,0,NA,1,15,0,NA,1,13,0,NA,NA,NA,NA,60
PortoAlegre,5753,12,E,3,1,35,0,NA,1,16,0,NA,1,25,0,NA,3,23,0,NA,2,30,0,NA,2,32,0,NA
PortoAlegre,5753,201,E,10,NA,NA,NA,NA,1,46,0,3,1,22,0,NA,1,34,0,NA,2,35,0,NA,2,27,0,NA
PortoAlegre,5753,354,C,6,NA,NA,NA,NA,NA,NA,NA,NA,NA,NA,NA,NA,NA,NA,NA,NA,NA,NA,NA,NA,NA,NA,NA,NA
PortoAlegre,5753,242,E,10,NA,NA,NA,NA,1,7,0,1,1,17,0,NA,NA,NA,NA,2,NA,NA,NA,NA,NA,NA,NA,NA
PortoAlegre,5753,378,E,9,NA,NA,NA,NA,NA,NA,NA,NA,NA,NA,NA,NA,NA,NA,NA,NA,NA,NA,NA,NA,NA,NA,NA,NA
PortoAlegre,5753,45,E,3,1,41,0,NA,2,42,0,NA,2,44,0,NA,3,55,0,NA,3,42,0,NA,2,52,0,NA
PortoAlegre,5753,424,E,8,NA,NA,NA,NA,NA,NA,NA,NA,NA,NA,NA,NA,NA,NA,NA,NA,NA,NA,NA,NA,NA,NA,NA,NA
PortoAlegre,5753,385,E,3,NA,NA,NA,NA,NA,NA,NA,NA,NA,NA,NA,NA,NA,NA,NA,NA,NA,NA,NA,NA,NA,NA,NA,NA
PortoAlegre,5753,108,B,3,4,75,0,NA,5,114,1,NA,5,100,1,NA,5,115,0,NA,1,110,0,NA,1,71,0,NA
PortoAlegre,5753,368,E,9,NA,NA,NA,NA,NA,NA,NA,NA,NA,NA,NA,NA,NA,NA,NA,NA,NA,NA,NA,NA,NA,NA,NA,NA
PortoAlegre,Cabo Frio,207,B,10,NA,NA,NA,NA,NA,NA,NA,NA,NA,NA,NA,NA,NA,NA,NA,NA,1,7,0,1,NA,NA,NA,60
PortoAlegre,Cabo Frio,243,A,2,NA,NA,NA,NA,2,8,0,1,NA,NA,NA,60,2,10,0,NA,2,10,0,NA,NA,NA,NA,60
PortoAlegre,Cabo Frio,148,B,7,1,8,0,NA,1,8,0,NA,NA,NA,NA,60,NA,NA,NA,2,NA,NA,NA,NA,NA,NA,NA,NA
PortoAlegre,Cabo Frio,79,D,8,NA,NA,NA,NA,NA,NA,NA,NA,NA,NA,NA,NA,NA,NA,NA,NA,NA,NA,NA,NA,NA,NA,NA,NA
PortoAlegre,Cabo Frio,113,C,8,3,31,0,NA,2,28,0,NA,NA,NA,NA,60,2,25,0,NA,4,35,0,NA,NA,NA,NA,60
PortoAlegre,Cabo Frio,389,D,1,2,36,0,NA,1,40,0,NA,NA,NA,NA,60,2,50,0,NA,3,53,0,NA,NA,NA,NA,60
PortoAlegre,Cabo Frio,89,A,6,NA,NA,NA,NA,NA,NA,NA,NA,NA,NA,NA,NA,NA,NA,NA,NA,NA,NA,NA,NA,NA,NA,NA,NA
PortoAlegre,Cabo Frio,2122,E,7,NA,NA,NA,NA,NA,NA,NA,NA,NA,NA,NA,NA,NA,NA,NA,NA,NA,NA,NA,NA,NA,NA,NA,NA
PortoAlegre,Cabo Frio,369,D,3,2,13,0,NA,2,17,0,NA,NA,NA,NA,60,2,15,0,NA,3,17,0,NA,NA,NA,NA,60
PortoAlegre,Cabo Frio,326,D,7,3,33,0,NA,6,46,0,NA,NA,NA,NA,60,8,39,0,NA,6,40,0,NA,NA,NA,NA,60
PortoAlegre,Cabo Frio,30,D,7,NA,NA,NA,NA,NA,NA,NA,NA,NA,NA,NA,NA,NA,NA,NA,NA,NA,NA,NA,NA,NA,NA,NA,NA
PortoAlegre,Cabo Frio,2105,D,9,NA,NA,NA,NA,NA,NA,NA,NA,NA,NA,NA,NA,NA,NA,NA,NA,NA,NA,NA,NA,NA,NA,NA,NA
PortoAlegre,Cabo Frio,278,B,10,NA,NA,NA,NA,NA,NA,NA,NA,NA,NA,NA,NA,NA,NA,NA,NA,2,15,0,3,NA,NA,NA,60
PortoAlegre,Cabo Frio,253,B,6,NA,NA,NA,NA,1,8,0,1,NA,NA,NA,60,1,8,0,NA,1,9,0,NA,NA,NA,NA,60
PortoAlegre,Cabo Frio,333,C,5,6,56,0,NA,2,40,0,NA,NA,NA,NA,60,4,51,0,NA,2,60,0,NA,NA,NA,NA,60
PortoAlegre,Cabo Frio,256,B,5,NA,NA,NA,NA,1,6,0,1,NA,NA,NA,60,NA,NA,NA,2,NA,NA,NA,NA,NA,NA,NA,NA
PortoAlegre,Cabo Frio,356,D,3,4,87,0,NA,6,83,1,NA,NA,NA,NA,60,5,84,0,NA,5,112,0,NA,NA,NA,NA,60
PortoAlegre,Cabo Frio,279,D,7,NA,NA,NA,NA,1,9,0,1,NA,NA,NA,60,1,11,0,NA,1,14,0,NA,NA,NA,NA,60
PortoAlegre,Cabo Frio,205,D,7,NA,NA,NA,NA,NA,NA,NA,NA,NA,NA,NA,NA,NA,NA,NA,NA,1,8,0,1,NA,NA,NA,60
PortoAlegre,Cabo Frio,175,B,8,1,23,0,NA,2,21,0,NA,NA,NA,NA,60,1,17,0,NA,3,23,0,NA,NA,NA,NA,60
PortoAlegre,Cabo Frio,19,D,6,NA,NA,NA,NA,NA,NA,NA,NA,NA,NA,NA,NA,NA,NA,NA,NA,NA,NA,NA,NA,NA,NA,NA,NA
PortoAlegre,Cabo Frio,325,D,6,2,26,0,NA,1,19,0,NA,NA,NA,NA,60,1,14,0,NA,2,36,0,NA,NA,NA,NA,60
PortoAlegre,Cabo Frio,332,C,6,2,14,0,NA,2,21,0,NA,NA,NA,NA,60,3,24,0,NA,4,33,0,NA,NA,NA,NA,60
PortoAlegre,Cabo Frio,229,B,8,NA,NA,NA,NA,1,25,0,3,NA,NA,NA,60,2,17,0,NA,NA,NA,NA,2,NA,NA,NA,NA
PortoAlegre,Cabo Frio,377,B,6,5,36,0,NA,3,50,0,NA,NA,NA,NA,60,3,41,0,NA,3,35,0,NA,NA,NA,NA,60
PortoAlegre,Cabo Frio,75,E,8,NA,NA,NA,NA,NA,NA,NA,NA,NA,NA,NA,NA,NA,NA,NA,NA,NA,NA,NA,NA,NA,NA,NA,NA
PortoAlegre,Cabo Frio,224,A,10,NA,NA,NA,NA,NA,NA,NA,NA,NA,NA,NA,NA,1,8,0,1,2,6,0,NA,NA,NA,NA,60
PortoAlegre,Cabo Frio,38,E,3,NA,NA,NA,NA,NA,NA,NA,NA,NA,NA,NA,NA,NA,NA,NA,NA,NA,NA,NA,NA,NA,NA,NA,NA
PortoAlegre,Cabo Frio,32,B,7,NA,NA,NA,NA,NA,NA,NA,NA,NA,NA,NA,NA,NA,NA,NA,NA,NA,NA,NA,NA,NA,NA,NA,NA
PortoAlegre,Cabo Frio,221,A,3,NA,NA,NA,NA,1,5,0,1,NA,NA,NA,60,1,8,0,NA,1,7,0,NA,NA,NA,NA,60
PortoAlegre,Cabo Frio,2121,E,10,NA,NA,NA,NA,NA,NA,NA,NA,NA,NA,NA,NA,NA,NA,NA,NA,NA,NA,NA,NA,NA,NA,NA,NA
PortoAlegre,Cabo Frio,382,B,7,1,19,0,NA,1,22,0,NA,NA,NA,NA,60,2,23,0,NA,3,24,0,NA,NA,NA,NA,60
PortoAlegre,Cabo Frio,246,D,10,NA,NA,NA,NA,NA,NA,NA,NA,NA,NA,NA,NA,NA,NA,NA,NA,1,8,0,1,NA,NA,NA,60
PortoAlegre,Cabo Frio,108,D,7,1,11,0,NA,NA,NA,NA,2,NA,NA,NA,NA,NA,NA,NA,NA,NA,NA,NA,NA,NA,NA,NA,NA
PortoAlegre,Cabo Frio,2108,C,1,NA,NA,NA,NA,NA,NA,NA,NA,NA,NA,NA,NA,NA,NA,NA,NA,NA,NA,NA,NA,NA,NA,NA,NA
PortoAlegre,Cabo Frio,283,B,2,NA,NA,NA,NA,NA,NA,NA,NA,NA,NA,NA,NA,1,6,0,1,4,25,0,NA,NA,NA,NA,60
PortoAlegre,Cabo Frio,342,D,1,3,94,0,NA,3,78,1,NA,NA,NA,NA,60,5,79,0,NA,4,76,0,NA,NA,NA,NA,60
PortoAlegre,Cabo Frio,306,D,3,1,9,0,NA,1,8,0,NA,NA,NA,NA,60,1,8,0,NA,1,10,0,NA,NA,NA,NA,60
PortoAlegre,Cabo Frio,312,C,8,4,39,0,NA,1,24,0,NA,NA,NA,NA,60,1,26,0,NA,2,24,0,NA,NA,NA,NA,60
PortoAlegre,Cabo Frio,291,D,7,NA,NA,NA,NA,NA,NA,NA,NA,NA,NA,NA,NA,NA,NA,NA,NA,1,8,0,1,NA,NA,NA,60
PortoAlegre,Cabo Frio,154,A,7,1,8,0,NA,1,15,0,NA,NA,NA,NA,60,1,13,0,NA,1,11,0,NA,NA,NA,NA,60
PortoAlegre,Cabo Frio,227,C,7,NA,NA,NA,NA,NA,NA,NA,NA,NA,NA,NA,NA,NA,NA,NA,NA,1,12,0,3,NA,NA,NA,60
PortoAlegre,PA-CF,213,C,2,NA,NA,NA,NA,NA,NA,NA,NA,NA,NA,NA,NA,NA,NA,NA,NA,NA,NA,NA,NA,NA,NA,NA,NA
PortoAlegre,PA-CF,39,A,5,2,31,0,NA,3,33,0,NA,NA,NA,NA,60,3,44,0,NA,6,36,0,NA,2,36,0,NA
PortoAlegre,PA-CF,53,C,10,5,56,0,NA,12,72,0,NA,NA,NA,NA,60,NA,NA,1,60,1,21,1,40,NA,NA,NA,2
PortoAlegre,PA-CF,250,E,3,NA,NA,NA,NA,NA,NA,NA,NA,NA,NA,NA,NA,NA,NA,NA,NA,NA,NA,NA,NA,NA,NA,NA,NA
PortoAlegre,PA-CF,236,E,10,NA,NA,NA,NA,NA,NA,NA,NA,NA,NA,NA,NA,NA,NA,NA,NA,NA,NA,NA,NA,NA,NA,NA,NA
PortoAlegre,PA-CF,48,E,3,3,76,0,NA,4,72,0,NA,NA,NA,NA,60,4,89,0,NA,4,65,0,NA,3,62,0,NA
PortoAlegre,PA-CF,344,D,10,NA,NA,NA,NA,NA,NA,NA,NA,NA,NA,NA,NA,NA,NA,NA,NA,NA,NA,NA,NA,NA,NA,NA,NA
PortoAlegre,PA-CF,270,D,10,NA,NA,NA,NA,NA,NA,NA,NA,NA,NA,NA,NA,NA,NA,NA,NA,NA,NA,NA,NA,6,110,2,3
PortoAlegre,PA-CF,246,D,7,NA,NA,NA,NA,NA,NA,NA,NA,NA,NA,NA,NA,NA,NA,NA,NA,NA,NA,NA,NA,NA,NA,NA,NA
PortoAlegre,PA-CF,85,D,2,1,7,0,NA,1,9,0,NA,NA,NA,NA,60,1,12,0,NA,1,10,0,NA,1,8,0,NA
PortoAlegre,PA-CF,45,C,10,11,101,0,NA,13,105,0,NA,NA,NA,1,NA,7,117,0,NA,1,53,0,NA,2,55,0,NA
PortoAlegre,PA-CF,267,E,6,NA,NA,NA,NA,NA,NA,NA,NA,NA,NA,NA,NA,1,11,0,1,1,17,0,NA,2,15,0,NA
PortoAlegre,PA-CF,240,D,8,NA,NA,NA,NA,NA,NA,NA,NA,NA,NA,NA,NA,NA,NA,NA,NA,NA,NA,NA,NA,NA,NA,NA,NA
PortoAlegre,PA-CF,203,E,10,NA,NA,NA,NA,NA,NA,NA,NA,NA,NA,NA,NA,NA,NA,NA,NA,1,16,0,1,1,10,0,NA
PortoAlegre,PA-CF,293,C,3,NA,NA,NA,NA,NA,NA,NA,NA,NA,NA,NA,NA,2,8,0,1,2,10,0,NA,1,14,0,NA
PortoAlegre,PA-CF,112,E,6,6,35,0,NA,6,30,0,NA,NA,NA,NA,60,6,31,0,NA,6,46,0,NA,2,43,0,NA
PortoAlegre,PA-CF,331,A,10,NA,NA,NA,NA,NA,NA,NA,NA,NA,NA,NA,NA,NA,NA,NA,NA,NA,NA,NA,NA,NA,NA,NA,NA
PortoAlegre,PA-CF,7,D,9,2,13,0,NA,3,17,0,NA,NA,NA,NA,60,5,32,0,NA,3,39,0,NA,2,25,0,NA
PortoAlegre,PA-CF,36,D,3,4,39,0,NA,2,46,0,NA,NA,NA,NA,60,2,42,0,NA,2,44,0,NA,2,36,0,NA
PortoAlegre,PA-CF,111,D,8,1,11,0,NA,1,4,0,NA,NA,NA,NA,60,NA,NA,NA,2,NA,NA,NA,NA,NA,NA,NA,NA
PortoAlegre,PA-CF,14,D,2,3,47,0,NA,5,50,0,NA,NA,NA,NA,60,1,20,0,NA,2,18,0,NA,NA,NA,NA,60
PortoAlegre,PA-CF,156,E,6,NA,NA,NA,NA,1,6,0,1,NA,NA,NA,60,NA,NA,NA,2,NA,NA,NA,NA,NA,NA,NA,NA
PortoAlegre,PA-CF,286,D,5,NA,NA,NA,NA,NA,NA,NA,NA,NA,NA,NA,NA,1,5,0,1,1,4,0,NA,NA,NA,NA,2
PortoAlegre,PA-CF,66,A,6,4,37,0,NA,4,34,0,NA,NA,NA,NA,60,5,37,0,NA,3,39,0,NA,4,41,0,NA
PortoAlegre,PA-CF,147,B,1,4,32,0,NA,3,36,0,NA,NA,NA,NA,60,5,36,0,NA,4,39,0,NA,NA,NA,NA,2
PortoAlegre,PA-CF,305,E,2,3,75,0,NA,9,58,0,NA,NA,NA,NA,60,5,82,2,NA,6,77,0,NA,4,105,0,NA
PortoAlegre,PA-CF,345,C,6,NA,NA,NA,NA,NA,NA,NA,NA,NA,NA,NA,NA,NA,NA,NA,NA,NA,NA,NA,NA,NA,NA,NA,NA
PortoAlegre,PA-CF,237,F,9,NA,NA,NA,NA,NA,NA,NA,NA,NA,NA,NA,NA,NA,NA,NA,NA,NA,NA,NA,NA,NA,NA,NA,NA
PortoAlegre,PA-CF,55,C,3,1,61,0,NA,2,19,0,NA,NA,NA,NA,60,3,30,0,NA,2,38,0,NA,1,40,0,NA
PortoAlegre,PA-CF,164,E,9,NA,NA,NA,NA,1,7,0,1,NA,NA,NA,60,NA,NA,NA,60,3,35,0,NA,NA,NA,NA,60
